Tag,Confidence,StringVA,PushRefs,DataRefs
UIName,push-ref,0x81784c,0x410af5 0x410bc2 0x500c6f 0x501373 0x686ed7 0x686f0f 0x68adf3,
Name,push-ref,0x817854,0x410a98 0x410bac 0x52d4d0 0x686dad 0x686de1 0x68b0e6 0x69984e 0x69a065 0x72056f 0x78832e,
VeteranRatio,push-ref,0x83c9d4,0x66eea3,
VeteranCombat,push-ref,0x83c9c4,0x66eec9,
VeteranSpeed,push-ref,0x83c9b4,0x66eeef,
VeteranSight,push-ref,0x83c9a4,0x66ef15,
VeteranArmor,push-ref,0x83c994,0x66ef3b,
VeteranROF,push-ref,0x83c988,0x66ef61,
VeteranCap,push-ref,0x83c97c,0x66ef87,
InitialVeteran,push-ref,0x84022c,0x6b8bcf 0x6b8d0e,
RefundPercent,push-ref,0x83be04,0x670d90,
ReloadRate,push-ref,0x83be6c,0x670c86,
RepairPercent,push-ref,0x83bdf4,0x670db7,
RepairRate,push-ref,0x83bdd0,0x670e1d,
RepairStep,push-ref,0x83bde8,0x670dd6,
URepairRate,push-ref,0x83bdc4,0x670e44,
IRepairRate,push-ref,0x83bdb8,0x670e6b,
IRepairStep,push-ref,0x83bddc,0x670df6,
TiberiumHeal,push-ref,0x83cc74,0x66e6d2 0x714c09,
SelfHealInfantryFrames,push-ref,0x83cc5c,0x66e6eb,
SelfHealInfantryAmount,push-ref,0x83cc44,0x66e705,
SelfHealUnitFrames,push-ref,0x83cc30,0x66e71f,
SelfHealUnitAmount,push-ref,0x83cc1c,0x66e738,
BuildSpeed,push-ref,0x83be2c,0x670d1b,
BuildupTime,push-ref,0x83be60,0x670cad,
GrowthRate,push-ref,0x83be14,0x670d69,
TiberiumGrows,push-ref,0x83d000,0x6720aa 0x6b8b46 0x6b8dcf,
TiberiumSpreads,push-ref,0x84025c,0x6b8b63 0x6b8df7,
SeparateAircraft,push-ref,0x83bf04,0x670b6c,
SurvivorRate,push-ref,0x83bec0,0x670c00,
AlliedSurvivorDivisor,push-ref,0x83bea8,0x670c20,
SovietSurvivorDivisor,push-ref,0x83be90,0x670c3f,
ThirdSurvivorDivisor,push-ref,0x83be78,0x670c5f,
PlacementDelay,push-ref,0x83c8bc,0x66f200,
WeedCapacity,push-ref,0x83b760,0x67195a,
CurleyShuffle,push-ref,0x83c5e4,0x66fd42,
BaseBias,push-ref,0x83bf18,0x670b4d,
BaseDefenseDelay,push-ref,0x83bef0,0x670b92,
CloseEnough,push-ref,0x83bd84,0x670eea,
DamageDelay,push-ref,0x83be20,0x670d42,
GameSpeedBias,push-ref,0x83bf24,0x670b26,
Stray,push-ref,0x83bdb0,0x670e8b,
RelaxedStray,push-ref,0x83bda0,0x670eaa,
CloakDelay,push-ref,0x83bf34,0x670aff,
SuspendDelay,push-ref,0x83bed0,0x670bd9,
SuspendPriority,push-ref,0x83bee0,0x670bb2,
FlightLevel,push-ref,0x83c854,0x66f2fb 0x71233d,
ParachuteMaxFallRate,push-ref,0x83c83c,0x66f31b,
NoParachuteMaxFallRate,push-ref,0x83c824,0x66f33a,
GuardModeStray,push-ref,0x83bd90,0x670eca,
MissileSpeedVar,push-ref,0x83ca8c,0x66ec76,
MissileROTVar,push-ref,0x83cab4,0x66ec2f,
MissileSafetyAltitude,push-ref,0x83ca9c,0x66ec4f,
TeamDelays,push-ref,0x83c5c8,0x66fd8b,
AIHateDelays,push-ref,0x83c5b8,0x66fdc4,
AIAlternateProductionCreditCutoff,push-ref,0x83c594,0x66fdf3,
NodAIBuildsWalls,push-ref,0x83c560,0x66fe39,
AIBuildsWalls,push-ref,0x83c550,0x66fe59,
MultiplayerAICM,push-ref,0x83c168,0x670526,
AIVirtualPurifiers,push-ref,0x83c154,0x67055f,
AISlaveMinerNumber,push-ref,0x83c140,0x670599,
HarvestersPerRefinery,push-ref,0x83c128,0x6705d3,
AIExtraRefineries,push-ref,0x83c114,0x67060c,
HealScanRadius,no-string,,,
FillEarliestTeamProbability,push-ref,0x83c534,0x66fe83,
MinimumAIDefensiveTeams,push-ref,0x83c51c,0x66febd,
MaximumAIDefensiveTeams,push-ref,0x83c504,0x66fef6,
TotalAITeamCap,push-ref,0x83c4f4,0x66ff30,
UseMinDefenseRule,push-ref,0x83c4e0,0x66ff60,
DissolveUnfilledTeamDelay,push-ref,0x83c4c4,0x66ff80,
LargeVisceroid,push-ref,0x83cc94,0x66e66a 0x747885,
SmallVisceroid,push-ref,0x83cc84,0x66e6a3 0x74786f,
AIIonCannonConYardValue,push-ref,0x83c06c,0x670814,
AIIonCannonWarFactoryValue,push-ref,0x83c050,0x67084e,
AIIonCannonPowerValue,push-ref,0x83c038,0x670888,
AIIonCannonTechCenterValue,push-ref,0x83c01c,0x6708c1,
AIIonCannonEngineerValue,push-ref,0x83c000,0x6708fb,
AIIonCannonThiefValue,push-ref,0x83bfe8,0x670935,
AIIonCannonHarvesterValue,push-ref,0x83bfcc,0x67096e,
AIIonCannonMCVValue,push-ref,0x83bfb8,0x6709a8,
AIIonCannonAPCValue,push-ref,0x83bfa4,0x6709e2,
AIIonCannonBaseDefenseValue,push-ref,0x83bf88,0x670a1b,
LightningDeferment,push-ref,0x83bd18,0x670f82,
LightningDamage,push-ref,0x83bd08,0x670fa2,
LightningStormDuration,push-ref,0x83bcf0,0x670fc1,
LightningWarhead,push-ref,0x83bc88,0x671060,
LightningHitDelay,push-ref,0x83bcdc,0x670fe1,
LightningScatterDelay,push-ref,0x83bcc4,0x671001,
LightningCellSpread,push-ref,0x83bcb0,0x671020,
LightningSeparation,push-ref,0x83bc9c,0x671040,
IonStorms,push-ref,0x8401f8,0x6b8c59 0x6b8d36,
ForceShieldRadius,push-ref,0x83bc60,0x67109f,
ForceShieldDuration,push-ref,0x83bc4c,0x6710be,
ForceShieldBlackoutDuration,push-ref,0x83bc30,0x6710de,
ForceShieldPlayFadeSoundTime,push-ref,0x83bc10,0x6710fe,
MutateExplosion,push-ref,0x83bc00,0x67111d,
PrismType,push-ref,0x83bbf4,0x67113d,
PrismSupportModifier,push-ref,0x83bbdc,0x671161,
PrismSupportMax,push-ref,0x83bbcc,0x67118c,
PrismSupportDelay,push-ref,0x83bbb8,0x6711ab,
PrismSupportDuration,push-ref,0x83bba0,0x6711cb,
PrismSupportHeight,push-ref,0x83bb8c,0x6711eb,
V3RocketPauseFrames,push-ref,0x83bb78,0x67120a,
V3RocketTiltFrames,push-ref,0x83bb64,0x67122a,
V3RocketPitchInitial,push-ref,0x83bb4c,0x671250,
V3RocketPitchFinal,push-ref,0x83bb38,0x671273,
V3RocketTurnRate,push-ref,0x83bb24,0x671298,
V3RocketRaiseRate,push-ref,0x83bb10,0x6712be,
V3RocketAcceleration,push-ref,0x83baf8,0x6712e6,
V3RocketAltitude,push-ref,0x83bae4,0x671305,
V3RocketDamage,push-ref,0x83bad4,0x671325,
V3RocketEliteDamage,push-ref,0x83bac0,0x671345,
V3RocketBodyLength,push-ref,0x83baac,0x671364,
V3RocketLazyCurve,push-ref,0x83ba98,0x671384,
V3RocketType,push-ref,0x83ba88,0x6713a4,
DMislPauseFrames,push-ref,0x83ba74,0x6713c3,
DMislTiltFrames,push-ref,0x83ba64,0x6713e3,
DMislPitchInitial,push-ref,0x83ba50,0x67140a,
DMislPitchFinal,push-ref,0x83ba40,0x67142e,
DMislTurnRate,push-ref,0x83ba30,0x671451,
DMislRaiseRate,push-ref,0x83ba20,0x671478,
DMislAcceleration,push-ref,0x83ba0c,0x6714a1,
DMislAltitude,push-ref,0x83b9fc,0x6714bf,
DMislDamage,push-ref,0x83b9f0,0x6714df,
DMislEliteDamage,push-ref,0x83b9dc,0x6714fe,
DMislBodyLength,push-ref,0x83b9cc,0x67151e,
DMislLazyCurve,push-ref,0x83b9bc,0x67153e,
DMislType,push-ref,0x83b9b0,0x67155e,
CMislPauseFrames,push-ref,0x83b99c,0x67157d,
CMislTiltFrames,push-ref,0x83b98c,0x67159c,
CMislPitchInitial,push-ref,0x83b978,0x6715c1,
CMislPitchFinal,push-ref,0x83b968,0x6715e8,
CMislTurnRate,push-ref,0x83b958,0x67160c,
CMislRaiseRate,push-ref,0x83b948,0x67162f,
CMislAcceleration,push-ref,0x83b934,0x67165b,
CMislAltitude,push-ref,0x83b924,0x671673,
CMislDamage,push-ref,0x83b918,0x671698,
CMislEliteDamage,push-ref,0x83b904,0x6716b8,
CMislBodyLength,push-ref,0x83b8f4,0x6716d8,
CMislLazyCurve,push-ref,0x83b8e4,0x6716f7,
CMislType,push-ref,0x83b8d8,0x671717,
ParadropRadius,push-ref,0x83b8c8,0x671735,
FogOfWar,push-ref,0x83cf78,0x6721e7 0x6b8c1b 0x6b8e6f,
Visceroids,push-ref,0x8401e0,0x6b8c8e 0x6b8d84,
Meteorites,push-ref,0x8401ec,0x6b8c73 0x6b8d61,
CrewEscape,push-ref,0x83ca40,0x66ed80,
CameraRange,push-ref,0x83c860,0x66f2db,
FineDiffControl,push-ref,0x83c5d4,0x66fd61,
Pilot,push-ref,0x83c618,0x66fcc6,
AlliedCrew,push-ref,0x83c60c,0x66fce5,
SovietCrew,push-ref,0x83c600,0x66fd04,
ThirdCrew,push-ref,0x83c5f4,0x66fd23,
Technician,push-ref,0x83c620,0x66fca7,
Engineer,push-ref,0x82596c,0x524571 0x66fc88,
PParatrooper,no-string,,,
ChronoDelay,push-ref,0x83c714,0x66fae3,
ChronoReinfDelay,push-ref,0x83c700,0x66fb02,
ChronoDistanceFactor,push-ref,0x83c6e8,0x66fb22,
ChronoTrigger,push-ref,0x83c6d8,0x66fb42,
ChronoMinimumDelay,push-ref,0x83c6c4,0x66fb61,
ChronoRangeMinimum,push-ref,0x83c6b0,0x66fb81,
AmerParaDropInf,push-ref,0x83c104,0x67063c,
AmerParaDropNum,push-ref,0x83c0f4,0x670674,
AllyParaDropInf,push-ref,0x83c0e4,0x6706a4,
AllyParaDropNum,push-ref,0x83c0d4,0x6706dc,
SovParaDropInf,push-ref,0x83c0c4,0x67070c,
SovParaDropNum,push-ref,0x83c0b4,0x670744,
YuriParaDropInf,push-ref,0x83c0a4,0x670774,
YuriParaDropNum,push-ref,0x83c094,0x6707ac,
AnimToInfantry,push-ref,0x83c084,0x6707dc,
SecretInfantry,push-ref,0x81abf0,0x4605cd 0x66fa25,
SecretUnits,push-ref,0x83c730,0x66fa54,
SecretBuildings,push-ref,0x83c720,0x66fa87,
AlliedDisguise,push-ref,0x83c6a0,0x66fba1,
SovietDisguise,push-ref,0x83c690,0x66fbc0,
ThirdDisguise,push-ref,0x83c680,0x66fbdf,
SpyPowerBlackout,push-ref,0x83c66c,0x66fbfe,
SpyMoneyStealPercent,push-ref,0x83c654,0x66fc25,
AttackCursorOnDisguise,push-ref,0x83c63c,0x66fc43,
DefaultMirageDisguises,push-ref,0x83b488,0x671d51,
InfantryBlinkDisguiseTime,push-ref,0x83b46c,0x671d7f,
MaximumCheerRate,push-ref,0x83cad8,0x66ebe1,
AISafeDistance,push-ref,0x83c4b4,0x66ff9f,
AIMinorSuperReadyPercent,push-ref,0x83c498,0x66ffc4,
HarvesterTooFarDistance,push-ref,0x83c480,0x66ffe3,
ChronoHarvTooFarDistance,push-ref,0x83c464,0x670003,
AlliedBaseDefenseCounts,push-ref,0x83c44c,0x67002c,
SovietBaseDefenseCounts,push-ref,0x83c434,0x670066,
ThirdBaseDefenseCounts,push-ref,0x83c41c,0x6700a0,
AIPickWallDefensePercent,push-ref,0x83c400,0x6700d9,
AIRestrictReplaceTime,push-ref,0x83c3e8,0x670103,
ThreatPerOccupant,push-ref,0x83c3d4,0x670128,
ApproachTargetResetMultiplier,push-ref,0x83c3b4,0x670148,
CampaignMoneyDeltaEasy,push-ref,0x83c39c,0x670167,
CampaignMoneyDeltaHard,push-ref,0x83c384,0x670187,
GuardAreaTargetingDelay,push-ref,0x83c36c,0x6701a7,
NormalTargetingDelay,push-ref,0x83c354,0x6701c6,
AINavalYardAdjacency,push-ref,0x83c33c,0x6701e6,
DisabledDisguiseDetectionPercent,push-ref,0x83c318,0x67020f,
AIAutoDeployFrameDelay,push-ref,0x83c300,0x670249,
MaximumBuildingPlacementFailures,push-ref,0x83c2dc,0x670279,
TiberiumShortScan,push-ref,0x83c2c8,0x670299,
TiberiumLongScan,push-ref,0x83c2b4,0x6702b8,
SlaveMinerShortScan,push-ref,0x83c2a0,0x6702d8,
SlaveMinerSlaveScan,push-ref,0x83c28c,0x6702f8,
SlaveMinerLongScan,push-ref,0x83c278,0x670317,
SlaveMinerScanCorrection,push-ref,0x83c25c,0x670337,
SlaveMinerKickFrameDelay,push-ref,0x83c240,0x670357,
AISuperDefenseProbability,push-ref,0x83c224,0x670381,
AISuperDefenseFrames,push-ref,0x83c20c,0x6703b1,
AISuperDefenseDistance,push-ref,0x83c1f4,0x6703d1,
AICaptureNormal,push-ref,0x83c1e4,0x6703fb,
AICaptureWounded,push-ref,0x83c1d0,0x670435,
AICaptureLowPower,push-ref,0x83c1bc,0x67046e,
AICaptureLowMoney,push-ref,0x83c1a8,0x6704a8,
AICaptureLowMoneyMark,push-ref,0x83c190,0x6704d8,
AICaptureWoundedMark,push-ref,0x83c178,0x6704fe,
PurifierBonus,push-ref,0x83c62c,0x66fc6a,
DropPodWeapon,push-ref,0x83ca7c,0x66eca3,
DropPodHeight,push-ref,0x83ca6c,0x66ecd4,
DropPodSpeed,push-ref,0x83ca5c,0x66ecf4,
DropPodAngle,push-ref,0x83ca4c,0x66ed1b,
HoverHeight,push-ref,0x83ca10,0x66ee0b,
HoverDampen,push-ref,0x83ca28,0x66edc5,
HoverBob,push-ref,0x83ca1c,0x66edec,
HoverBoost,push-ref,0x83ca04,0x66ee31,
HoverAcceleration,push-ref,0x83c9f0,0x66ee57,
HoverBrake,push-ref,0x83c9e4,0x66ee7d,
BalloonHoverHeight,no-string,,,
BalloonHoverDampen,no-string,,,
BalloonHoverBob,no-string,,,
BalloonHoverBoost,no-string,,,
BalloonHoverAcceleration,no-string,,,
BalloonHoverBrake,no-string,,,
TunnelSpeed,push-ref,0x83ca34,0x66eda1,
MultipleFactory,push-ref,0x83caec,0x66ebc3,
MinLowPowerProductionSpeed,push-ref,0x83cb30,0x66eb55,
MaxLowPowerProductionSpeed,push-ref,0x83cb14,0x66eb78,
LowPowerPenaltyModifier,push-ref,0x83cafc,0x66eb9f,
GDIGateOne,push-ref,0x83c80c,0x66f46a,
GDIGateTwo,push-ref,0x83c800,0x66f4a9,
WallTower,push-ref,0x83c7dc,0x66f565,
Shipyard,push-ref,0x83c7d0,0x66f59e,
NodGateOne,push-ref,0x83c7f4,0x66f4e8,
NodGateTwo,push-ref,0x83c7e8,0x66f526,
NodRegularPower,push-ref,0x83c7b0,0x66f6e6,
NodAdvancedPower,push-ref,0x83c79c,0x66f724,
GDIPowerPlant,push-ref,0x83c7c0,0x66f6a7,
ThirdPowerPlant,push-ref,0x83c78c,0x66f763,
RepairBay,push-ref,0x83c818,0x66f362,
BaseUnit,push-ref,0x83c764,0x66f7da,
HarvesterUnit,push-ref,0x83c754,0x66f8dd,
PadAircraft,push-ref,0x83c748,0x66f9d8,
TreeStrength,push-ref,0x83b42c,0x671dde,
WindDirection,push-ref,0x83c86c,0x66f2bc,
TrackedUphill,push-ref,0x83c8ac,0x66f227,
TrackedDownhill,push-ref,0x83c89c,0x66f24e,
WheeledUphill,push-ref,0x83c88c,0x66f275,
WheeledDownhill,push-ref,0x83c87c,0x66f29c,
LeptonsPerSightIncrease,push-ref,0x83bd44,0x670f43,
LeptonsPerFireIncrease,no-string,,,
AttackingAircraftSightRange,push-ref,0x83bd5c,0x670f26,
BlendedFog,push-ref,0x83bd78,0x670f09,
CliffBackImpassability,push-ref,0x83c8cc,0x66f1d9,
IceCrackingWeight,push-ref,0x83c8f8,0x66f192,
IceBreakingWeight,push-ref,0x83c8e4,0x66f1b8,
ShipSinkingWeight,push-ref,0x83c90c,0x66f16c,
CloakingStages,push-ref,0x83c920,0x66f146,
TiberiumTransmogrify,push-ref,0x83bd2c,0x670f62,
TreeFlammability,push-ref,0x83cac4,0x66ec08,
CraterLevel,no-string,,,
BridgeVoxelMax,push-ref,0x83c954,0x66f0a9,
WallBuildSpeedCoefficient,push-ref,0x83b80c,0x671877,
AllowShroudedSubteranneanMoves,push-ref,0x83cb60,0x66eb0f,
AircraftFogReveal,push-ref,0x83cb4c,0x66eb2f,
MaximumQueuedObjects,push-ref,0x83b454,0x671d9f,
MaxWaypointPathLength,push-ref,0x83b43c,0x671dbf,
ChargeToDrainRatio,push-ref,0x83b828,0x671850,
DamageToFirestormDamageCoefficient,no-string,,,
VeinholeGrowthRate,push-ref,0x83b4d4,0x671cd3,
VeinholeShrinkRate,push-ref,0x83b4c0,0x671cf2,
MaxVeinholeGrowth,push-ref,0x83b4e8,0x671cb3,
VeinDamage,push-ref,0x83b4b4,0x671d12,
VeinholeTypeClass,push-ref,0x83b4a0,0x671d32,
AITriggerSuccessWeightDelta,push-ref,0x83b7ac,0x6718ec,
AITriggerFailureWeightDelta,push-ref,0x83b790,0x671913,
AITriggerTrackRecordCoefficient,push-ref,0x83b770,0x67193a,
SpotlightSpeed,push-ref,0x83b888,0x67179c,
SpotlightMovementRadius,push-ref,0x83b8b0,0x671755,
SpotlightLocationRadius,push-ref,0x83b898,0x671775,
SpotlightAcceleration,push-ref,0x83b870,0x6717c3,
SpotlightAngle,push-ref,0x83b860,0x6717ea,
RadarEventSuppressionDistances,push-ref,0x83b6f0,0x671a0c,
RadarEventVisibilityDurations,push-ref,0x83b6d0,0x671a46,
RadarEventDurations,push-ref,0x83b6bc,0x671a7f,
FlashFrameTime,push-ref,0x83b750,0x671979,
RadarCombatFlashTime,push-ref,0x83b738,0x671999,
RadarEventMinRadius,push-ref,0x83b6a8,0x671aab,
RadarEventSpeed,push-ref,0x83b728,0x6719bf,
RadarEventRotationSpeed,push-ref,0x83b710,0x6719e2,
RadarEventColorSpeed,push-ref,0x83b690,0x671aca,
RevealTriggerRadius,push-ref,0x83b83c,0x671829,
ExplosiveVoxelDebris,push-ref,0x83c964,0x66efaf,
TireVoxelDebris,push-ref,0x83c944,0x66f0d7,
ScrapVoxelDebris,push-ref,0x83c930,0x66f116,
OKBuildingSmokeSystem,no-string,,,
DamagedBuildingSmokeSystem,no-string,,,
DamagedUnitSmokeSystem,no-string,,,
DebrisSmokeSystem,no-string,,,
PrerequisitePower,push-ref,0x83cc08,0x66e763,
PrerequisiteFactory,push-ref,0x83cbf4,0x66e7fc,
PrerequisiteBarracks,push-ref,0x83cbdc,0x66e890,
PrerequisiteRadar,push-ref,0x83cbc8,0x66e923,
PrerequisiteTech,push-ref,0x83cbb4,0x66e9b7,
PrerequisiteProc,push-ref,0x83cba0,0x66ea4a,
PrerequisiteProcAlternate,push-ref,0x83c770,0x66f7a2,
HunterSeekerDetonateProximity,no-string,,,
HunterSeekerDescendProximity,no-string,,,
HunterSeekerAscentSpeed,no-string,,,
HunterSeekerDescentSpeed,no-string,,,
HunterSeekerEmergeSpeed,no-string,,,
MyEffectivenessCoefficientDefault,push-ref,0x83b66c,0x671aee,
TargetEffectivenessCoefficientDefault,push-ref,0x83b644,0x671b15,
TargetSpecialThreatCoefficientDefault,push-ref,0x83b61c,0x671b3c,
TargetStrengthCoefficientDefault,push-ref,0x83b5f8,0x671b63,
TargetDistanceCoefficientDefault,push-ref,0x83b5d4,0x671b8a,
DumbMyEffectivenessCoefficient,push-ref,0x83b5b4,0x671bb1,
DumbTargetEffectivenessCoefficient,push-ref,0x83b590,0x671bd8,
DumbTargetSpecialThreatCoefficient,push-ref,0x83b56c,0x671bff,
DumbTargetStrengthCoefficient,push-ref,0x83b54c,0x671c26,
DumbTargetDistanceCoefficient,push-ref,0x83b52c,0x671c4d,
EnemyHouseThreatBonus,push-ref,0x83b514,0x671c74,
DamageFireTypes,push-ref,0x83cf58,0x66d573,
OreTwinkle,push-ref,0x83cf4c,0x66d67b,
BarrelExplode,push-ref,0x83cf3c,0x66d6b7,
BarrelDebris,push-ref,0x83cf2c,0x66d6ed,
BarrelParticle,push-ref,0x83cf1c,0x66d7ed,
NukeTakeOff,push-ref,0x83cf10,0x66d829,
Wake,push-ref,0x83cf08,0x66d867,
DropPod,push-ref,0x83cf00,0x66d8a0,
DeadBodies,push-ref,0x825a20,0x5241f3 0x66d9a2,
MetallicDebris,push-ref,0x83cef0,0x66daa5,
BridgeExplosions,push-ref,0x83cedc,0x66dba8,
IonBlast,push-ref,0x83ced0,0x66dcb0,
IonBeam,push-ref,0x83cec8,0x66dcef,
WeatherConClouds,push-ref,0x83ceb4,0x66dd28,
WeatherConBolts,push-ref,0x83cea4,0x66de2b,
WeatherConBoltExplosion,push-ref,0x83ce8c,0x66df33,
DominatorWarhead,push-ref,0x83ce78,0x66df72,
DominatorDamage,push-ref,0x83ce0c,0x66e05f,
DominatorCaptureRange,push-ref,0x83ce1c,0x66e040,
DominatorFirstAnim,push-ref,0x83ce64,0x66dfb1,
DominatorSecondAnim,push-ref,0x83ce50,0x66dfef,
DominatorFireAtPercentage,push-ref,0x83ce34,0x66e020,
ChronoPlacement,push-ref,0x83cdfc,0x66e08d,
ChronoBeam,push-ref,0x83cdf0,0x66e0cc,
ChronoBlast,push-ref,0x83cde4,0x66e10a,
ChronoBlastDest,push-ref,0x83cdd4,0x66e149,
WarpIn,push-ref,0x83cdcc,0x66e188,
WarpOut,push-ref,0x83cdc4,0x66e1c6,
WarpAway,push-ref,0x83cdb8,0x66e205,
IronCurtainInvokeAnim,push-ref,0x83cda0,0x66e244,
ForceShieldInvokeAnim,push-ref,0x83cd88,0x66e282,
WeaponNullifyAnim,push-ref,0x83cd74,0x66e2c1,
ChronoSparkle1,push-ref,0x83cd64,0x66e300,
InfantryExplode,push-ref,0x83cd54,0x66e33e,
FlamingInfantry,push-ref,0x83cd44,0x66e37d,
InfantryHeadPop,push-ref,0x83cd34,0x66e3bc,
InfantryNuked,push-ref,0x83cd24,0x66e3fa,
InfantryVirus,push-ref,0x83cd14,0x66e439,
InfantryBrute,push-ref,0x83cd04,0x66e478,
InfantryMutate,push-ref,0x83ccf4,0x66e4b6,
Behind,push-ref,0x83ccec,0x66e4f5,
MoveFlash,push-ref,0x83cce0,0x66e534,
Parachute,push-ref,0x83ccd4,0x66e572,
BombParachute,push-ref,0x83ccc4,0x66e5b1,
DropZoneAnim,push-ref,0x83ccb4,0x66e5f0,
EMPulseSparkles,push-ref,0x83cca4,0x66e62e,
TurnRate,push-ref,0x83d554,0x6743ff,
Speed,push-ref,0x81d9cc,0x67441f 0x71464c 0x7722f5,
Climb,push-ref,0x83d54c,0x674446,
CruiseHeight,push-ref,0x83d53c,0x674467,
Acceleration,push-ref,0x81b140,0x46bf85 0x67448b,
WobblesPerSecond,push-ref,0x83d528,0x6744b1,
WobbleDeviation,push-ref,0x83d518,0x6744d1,
NukeWarhead,push-ref,0x83a144,0x668ff7,
NukeDown,push-ref,0x83a128,0x669074,
NukeProjectile,push-ref,0x83a134,0x669036,
EMPulseWarhead,push-ref,0x83a0f0,0x669130,
EMPulseProjectile,push-ref,0x83a0dc,0x66916f,
MutateWarhead,push-ref,0x83a118,0x6690b3,
MutateExplosionWarhead,push-ref,0x83a100,0x6690f2,
DetailMinFrameRateNormal,push-ref,0x83abf0,0x669216,
DetailMinFrameRateMovie,push-ref,0x83abd8,0x66922f,
DetailBufferZoneWidth,push-ref,0x83abc0,0x669248,
LineTrailColorOverride,push-ref,0x83a200,0x66b789,
ChronoBeamColor,push-ref,0x83a1f0,0x66b7b4,
MagnaBeamColor,push-ref,0x83a1e0,0x66b7de,
OreTwinkleChance,push-ref,0x83a1cc,0x66b805,
CreateInfantrySound,push-ref,0x83a644,0x66a409,
CreateUnitSound,push-ref,0x81ab3c,0x4607c8 0x66a3c8,
CreateAircraftSound,push-ref,0x83a630,0x66a44b,
SpySatActivationSound,push-ref,0x83a5e8,0x66a510,
SpySatDeactivationSound,push-ref,0x83a5d0,0x66a552,
UpgradeVeteranSound,push-ref,0x83a8a0,0x669cfd,
UpgradeEliteSound,push-ref,0x83a88c,0x669d3e,
BaseUnderAttackSound,push-ref,0x83a8b4,0x669cbb,
BuildingGarrisonedSound,push-ref,0x83a8fc,0x669bf6,
BuildingRepairedSound,push-ref,0x83a8cc,0x669c79,
CheerSound,push-ref,0x83aaa8,0x669651,
PlaceBeaconSound,push-ref,0x83a914,0x669bb4,
DirectRockingCoefficient,push-ref,0x83a164,0x66b8ab,
FallBackCoefficient,push-ref,0x83a150,0x66b8d5,
LaserTargetColor,push-ref,0x83a1b8,0x66b825,
IronCurtainColor,push-ref,0x83a1a4,0x66b844,
BerserkColor,push-ref,0x83a194,0x66b864,
ForceShieldColor,push-ref,0x83a180,0x66b884,
StartPlanningModeSound,push-ref,0x83aa7c,0x6696d5,
EndPlanningModeSound,push-ref,0x83aa64,0x669716,
AddPlanningModeCommandSound,push-ref,0x83a93c,0x669b31,
ExecutePlanSound,push-ref,0x83a928,0x669b73,
CratePromoteSound,push-ref,0x83a9e8,0x6698e2,
CrateMoneySound,push-ref,0x83aa54,0x669758,
CrateRevealSound,push-ref,0x83aa40,0x66979a,
CrateFireSound,push-ref,0x83aa30,0x6697db,
CrateArmourSound,push-ref,0x83aa1c,0x66981d,
CrateSpeedSound,push-ref,0x83aa0c,0x66985f,
CrateUnitSound,push-ref,0x83a9fc,0x6698a0,
GUIMainButtonSound,push-ref,0x83ab5c,0x66937f,
GUIBuildSound,push-ref,0x83ab4c,0x6693c1,
GUITabSound,push-ref,0x83ab40,0x669402,
GUIOpenSound,push-ref,0x83ab30,0x669444,
GUICloseSound,push-ref,0x83ab20,0x669486,
GUIMoveOutSound,push-ref,0x83ab10,0x6694c7,
GUIMoveInSound,push-ref,0x83ab00,0x669509,
GUIComboOpenSound,push-ref,0x83aaec,0x66954b,
GUIComboCloseSound,push-ref,0x83aad8,0x66958c,
GUICheckboxSound,push-ref,0x83aac4,0x6695ce,
ScoreAnimSound,push-ref,0x83aab4,0x669610,
SinkingSound,push-ref,0x83a9b4,0x6699a7 0x712fb0,
ImpactWaterSound,push-ref,0x83a9d4,0x669924 0x712efc,
ImpactLandSound,push-ref,0x83a9c4,0x669965 0x712f38,
BombTickingSound,push-ref,0x83a980,0x669a6c,
ChronoInSound,push-ref,0x83a9a4,0x6699e9 0x7135da,
ChronoOutSound,push-ref,0x83a994,0x669a2a 0x71361c,
BombAttachSound,push-ref,0x83a970,0x669aae,
YuriMindControlSound,push-ref,0x83a958,0x669aef,
PoseDir,push-ref,0x83abb8,0x669262,
DeployDir,push-ref,0x83abac,0x66927f,
WaypointAnimationSpeed,push-ref,0x83ab88,0x6692d4,
DigSound,push-ref,0x83ab70,0x66933d,
GateUp,push-ref,0x83a5b4,0x66a611,
GateDown,push-ref,0x83a5a8,0x66a652,
ShroudGrow,push-ref,0x83a59c,0x66a686,
ScrollMultiplier,push-ref,0x83a588,0x66a6ad,
ShakeScreen,push-ref,0x83a57c,0x66a6cd,
CloakSound,push-ref,0x83a570,0x66a6fa,
SellSound,push-ref,0x83a564,0x66a73c,
GameClosed,push-ref,0x83a558,0x66a77e,
IncomingMessage,push-ref,0x83a548,0x66a7bf,
MessageCharTyped,push-ref,0x83a534,0x66a801,
SystemError,push-ref,0x83a528,0x66a843,
OptionsChanged,push-ref,0x83a518,0x66a884,
GameForming,push-ref,0x83a50c,0x66a8c6,
PlayerJoined,push-ref,0x83a4f0,0x66a949,
Construction,push-ref,0x816dcc,0x66a98b,
CreditTicks,push-ref,0x83a4e4,0x66a9c8,
BuildingDieSound,push-ref,0x83a4d0,0x66aa5e,
BuildingSlam,push-ref,0x83a4c0,0x66aa9f,
RadarOn,push-ref,0x83a4b8,0x66aae1,
RadarOff,push-ref,0x83a4ac,0x66ab23,
MovieOn,push-ref,0x83a4a4,0x66ab64,
MovieOff,push-ref,0x83a498,0x66aba6,
ScoldSound,push-ref,0x83a48c,0x66abe8,
TeslaCharge,push-ref,0x83a480,0x66ac29,
TeslaZap,push-ref,0x83a474,0x66ac6b,
BuildingDamageSound,push-ref,0x83a460,0x66acad,
ChuteSound,push-ref,0x83a454,0x66acee,
GenericClick,push-ref,0x83a444,0x66ad30,
GenericBeep,push-ref,0x83a438,0x66ad72,
BuildingDrop,push-ref,0x83a428,0x66adb3,
StopSound,push-ref,0x818404,0x4283d7 0x66adf5 0x74b2ec,
GuardSound,push-ref,0x83a41c,0x66ae37,
ScatterSound,push-ref,0x83a40c,0x66ae78,
DeploySound,push-ref,0x8440b0,0x713568,
StormSound,push-ref,0x83a400,0x66aeba,
LightningSounds,push-ref,0x83a3f0,0x66aef7,
ShellButtonSlideSound,push-ref,0x83a3d8,0x66af8d,
VoiceIFVRepair,push-ref,0x83a87c,0x669d80,
SlavesFreeSound,push-ref,0x83a86c,0x669dc2,
SlaveMinerDeploySound,push-ref,0x83a854,0x669e03,
SlaveMinerUndeploySound,push-ref,0x83a83c,0x669e45,
BunkerWallsUpSound,push-ref,0x83a828,0x669e87,
BunkerWallsDownSound,push-ref,0x83a810,0x669ec8,
RepairBridgeSound,push-ref,0x83a7fc,0x669f0a,
PsychicDominatorActivateSound,push-ref,0x83a7dc,0x669f4c,
GeneticMutatorActivateSound,push-ref,0x83a7c0,0x669f8d,
PsychicRevealActivateSound,push-ref,0x83a7a4,0x669fcf,
MasterMindOverloadDeathSound,push-ref,0x83a784,0x66a011,
MindClearedSound,push-ref,0x83a744,0x66a0d6 0x71395e,
EnterGrinderSound,push-ref,0x83a730,0x66a117 0x7137f6,
LeaveGrinderSound,push-ref,0x83a71c,0x66a159 0x713838,
EnterBioReactorSound,push-ref,0x83a704,0x66a19b 0x71386e,
LeaveBioReactorSound,push-ref,0x83a6ec,0x66a1dc 0x7138aa,
ActivateSound,push-ref,0x83a6dc,0x66a21e 0x7138ec,
DeactivateSound,push-ref,0x83a6cc,0x66a260 0x713922,
AirstrikeAbortSound,push-ref,0x83a770,0x66a052,
AirstrikeAttackVoice,push-ref,0x83a758,0x66a094,
SpyPlaneCamera,push-ref,0x83a6bc,0x66a2a1,
SpyPlaneCameraFrames,push-ref,0x83a658,0x66a39a,
DiskLaserChargeUp,push-ref,0x83a670,0x66a366,
LetsDoTheTimeWarpOutAgain,push-ref,0x83a6a0,0x66a2e3,
LetsDoTheTimeWarpInAgain,push-ref,0x83a684,0x66a325,
Smoke,push-ref,0x836f0c,0x66b203 0x66b242,
EliteFlashTimer,push-ref,0x83a3b4,0x66b273,
AllyReveal,push-ref,0x83a390,0x66b310,
ConditionRed,push-ref,0x83a380,0x66b34b,
ConditionYellow,push-ref,0x83a370,0x66b372,
DropZoneRadius,push-ref,0x83a360,0x66b391,
EnemyHealth,push-ref,0x83a354,0x66b3b1,
Gravity,push-ref,0x83a34c,0x66b3d1,
IdleActionFrequency,push-ref,0x83a338,0x66b3f8,
MessageDelay,push-ref,0x83a328,0x66b41f,
MovieTime,push-ref,0x83a31c,0x66b446,
NamedCivilians,push-ref,0x83a30c,0x66b465,
SavourDelay,push-ref,0x83a300,0x66b48b,
ShroudRate,push-ref,0x83a2f4,0x66b4b1,
FogRate,push-ref,0x83a2ec,0x66b4d7,
IceGrowthRate,push-ref,0x83a2cc,0x66b523,
IceSolidifyFrameTime,push-ref,0x83a2b4,0x66b543,
IceCrackSounds,push-ref,0x83a2a4,0x66b577,
AmbientChangeRate,push-ref,0x83a290,0x66b5eb,
AmbientChangeStep,push-ref,0x83a27c,0x66b612,
SpeakDelay,push-ref,0x83a270,0x66b639,
TimerWarning,push-ref,0x83a260,0x66b660,
ExtraUnitLight,push-ref,0x83a250,0x66b69e,
ExtraInfantryLight,push-ref,0x83a23c,0x66b6e7,
ExtraAircraftLight,push-ref,0x83a228,0x66b730,
LocalRadarColor,push-ref,0x83a218,0x66b75b,
CrateMaximum,push-ref,0x83ac68,0x66ba70,
CrateMinimum,push-ref,0x83ac78,0x66ba50,
CrateRadius,push-ref,0x83ac5c,0x66ba90,
CrateRegen,push-ref,0x83ac50,0x66bab7,
SilverCrate,push-ref,0x83ac24,0x66bb35,
SoloCrateMoney,push-ref,0x83ac30,0x66bb15,
UnitCrateType,push-ref,0x83ac40,0x66bae4,
WoodCrate,push-ref,0x83ac18,0x66bb54,
WaterCrate,push-ref,0x83ac0c,0x66bb74,
HealCrateSound,push-ref,0x83ac88,0x66ba1d,
WoodCrateImg,push-ref,0x83acb4,0x66b961,
CrateImg,push-ref,0x83aca8,0x66b99f,
WaterCrateImg,push-ref,0x83ac98,0x66b9de,
FreeMCV,push-ref,0x83acc4,0x66b936,
AmmoCrateDamage,push-ref,0x83b294,0x66bbe8,
IonCannonDamage,push-ref,0x83b284,0x66bc05,
HarvesterImmune,push-ref,0x84020c,0x6b8c07 0x6b8ebf,
DestroyableBridges,push-ref,0x840248,0x6b8b98 0x6b8e1f,
TiberiumExplosive,push-ref,0x83ad2c,0x66ce7e 0x6b8b7d 0x6b8cbd,
Scorches,push-ref,0x83b238,0x66bc8b,
Scorches1,push-ref,0x83b22c,0x66bd8e,
Scorches2,push-ref,0x83b220,0x66be91,
Scorches3,push-ref,0x83b214,0x66bf93,
Scorches4,push-ref,0x83b208,0x66c096,
TiberiumExplosionDamage,push-ref,0x83b258,0x66bc44,
TiberiumStrength,push-ref,0x83b244,0x66bc64,
Craters,no-string,,,
AtomDamage,push-ref,0x83adb4,0x66cd35,
BallisticScatter,push-ref,0x83ada0,0x66cd53,
BridgeStrength,push-ref,0x83ad90,0x66cd73,
C4Delay,push-ref,0x83ad88,0x66cd9a,
C4Warhead,push-ref,0x83b1d4,0x66c31f,
V3Warhead,push-ref,0x83b1b8,0x66c39c,
DMislWarhead,push-ref,0x83b1a8,0x66c3db,
V3EliteWarhead,push-ref,0x83b198,0x66c419,
DMislEliteWarhead,push-ref,0x83b184,0x66c458,
CMislWarhead,push-ref,0x83b174,0x66c497,
CMislEliteWarhead,push-ref,0x83b160,0x66c4cd,
CrushWarhead,push-ref,0x83b1c4,0x66c35d,
IvanWarhead,push-ref,0x83b154,0x66c50c,
IvanDamage,push-ref,0x83b110,0x66c5bb,
IvanTimedDelay,push-ref,0x83b100,0x66c5da,
CanDetonateTimeBomb,push-ref,0x83b140,0x66c53d,
CanDetonateDeathBomb,push-ref,0x83b128,0x66c55c,
IvanIconFlickerRate,push-ref,0x83b0cc,0x66c61e,
OccupyDamageMultiplier,push-ref,0x83b08c,0x66c682,
OccupyROFMultiplier,push-ref,0x83b078,0x66c6a9,
OccupyWeaponRange,push-ref,0x83b064,0x66c6c7,
BunkerDamageMultiplier,push-ref,0x83b04c,0x66c6ec,
BunkerROFMultiplier,push-ref,0x83b038,0x66c712,
BunkerWeaponRangeBonus,push-ref,0x83b020,0x66c730,
OverloadCount,push-ref,0x83afc4,0x66c7c0,
OverloadDamage,push-ref,0x83afb4,0x66c839,
OverloadFrames,push-ref,0x83afa4,0x66c8b3,
ControlledAnimationType,push-ref,0x83af00,0x66ca11,
PermaControlledAnimationType,push-ref,0x83aee0,0x66ca4f,
MindControlAttackLineFrames,push-ref,0x83af88,0x66c921,
DrainMoneyFrameDelay,push-ref,0x83af5c,0x66c97f,
DrainMoneyAmount,push-ref,0x83af48,0x66c99f,
DrainAnimationType,push-ref,0x83af74,0x66c94f,
FallingDamageMultiplier,push-ref,0x83af30,0x66c9c5,
CurrentStrengthDamage,push-ref,0x83af18,0x66c9e3,
OpenToppedRangeBonus,push-ref,0x83afec,0x66c774,
OpenToppedDamageMultiplier,push-ref,0x83b004,0x66c756,
OpenToppedWarpDistance,push-ref,0x83afd4,0x66c794,
DeathWeapon,push-ref,0x83b11c,0x66c58a 0x7122f0,
IronCurtainDuration,push-ref,0x83b0b8,0x66c63e,
FirestormWarhead,no-string,,,
IonCannonWarhead,push-ref,0x83aecc,0x66ca8e,
VeinholeWarhead,no-string,,,
PsychicRevealRadius,push-ref,0x83b0a4,0x66c65d,
DefaultFirestormExplosionSystem,no-string,,,
DefaultLargeGreySmokeSystem,push-ref,0x83aeb0,0x66cacd,
DefaultSmallGreySmokeSystem,push-ref,0x83ae94,0x66cb0b,
DefaultSparkSystem,push-ref,0x83ae80,0x66cb4a,
DefaultLargeRedSmokeSystem,push-ref,0x83ae64,0x66cb89,
DefaultSmallRedSmokeSystem,push-ref,0x83ae48,0x66cbc7,
DefaultDebrisSmokeSystem,push-ref,0x83ae2c,0x66cc06,
DefaultFireStreamSystem,push-ref,0x83ae14,0x66cc45,
DefaultTestParticleSystem,push-ref,0x83adf8,0x66cc83,
DefaultRepairParticleSystem,push-ref,0x83addc,0x66ccc2,
Crush,push-ref,0x83ad80,0x66cdbb,
ExpSpread,push-ref,0x83ad74,0x66cddf,
FireSupress,push-ref,0x83ad68,0x66cdff,
FlameDamage,push-ref,0x83b1f0,0x66c2a1,
FlameDamage2,push-ref,0x83b1e0,0x66c2e0,
HomingScatter,push-ref,0x83ad58,0x66ce1f,
MaxDamage,push-ref,0x83ad4c,0x66ce3e,
MinDamage,push-ref,0x83ad40,0x66ce5e,
PlayerAutoCrush,push-ref,0x83ad1c,0x66ce9d,
PlayerReturnFire,push-ref,0x83ad08,0x66cebd,
PlayerScatter,push-ref,0x83acf8,0x66cedd,
SplashList,push-ref,0x83b1fc,0x66c199,
TreeTargeting,push-ref,0x83ace8,0x66cefc,
TurboBoost,push-ref,0x83adc0,0x66cd14 0x7726ad,
Incoming,push-ref,0x83acdc,0x66cf1c,
CollapseChance,push-ref,0x83accc,0x66cf3c,
BerzerkAllowed,push-ref,0x83adcc,0x66ccf0,
RadDurationMultiple,push-ref,0x83b330,0x66cfa9,
RadApplicationDelay,push-ref,0x83b31c,0x66cfc9,
RadLevelMax,push-ref,0x83b310,0x66cfe8,
RadLevelDelay,push-ref,0x83b300,0x66d008,
RadLightDelay,push-ref,0x83b2f0,0x66d028,
RadLevelFactor,push-ref,0x83b2e0,0x66d04f,
RadLightFactor,push-ref,0x83b2d0,0x66d076,
RadTintFactor,push-ref,0x83b2c0,0x66d09d,
RadColor,push-ref,0x83b2b4,0x66d0bd,
RadSiteWarhead,push-ref,0x83b2a4,0x66d0f6,
ElevationIncrement,push-ref,0x83b370,0x66d17b,
ElevationIncrementBonus,push-ref,0x83b358,0x66d1a2,
ElevationBonusCap,push-ref,0x83b344,0x66d1c9,
AlliedWallTransparency,push-ref,0x83b39c,0x66d21b,
WallPenetratorThreshold,push-ref,0x83b384,0x66d242,
GDI,push-ref,0x824fc4,0x50ae06,
Nod,no-string,,,
ThirdSide,no-string,,,
Civilian,push-ref,0x818164,0x524553,
Mutant,no-string,,,
MinMoney,push-ref,0x83d0a4,0x671ecf,
Money,no-ref,0x81b5df,,
MaxMoney,push-ref,0x83d098,0x671f0e,
MoneyIncrement,push-ref,0x83d088,0x671f2e,
MinUnitCount,push-ref,0x83d078,0x671f4e,
UnitCount,push-ref,0x83d06c,0x671f6d 0x697f9a 0x698ff2,
MaxUnitCount,push-ref,0x83d05c,0x671f8d,
TechLevel,push-ref,0x824e40,0x500b95 0x501277 0x599830 0x671fad 0x6f130d 0x6f171f 0x714577,
GameSpeed,push-ref,0x8332e8,0x5fa646 0x5fad3e 0x671fcc 0x697f5e 0x698fcc,
AIDifficulty,push-ref,0x83d04c,0x671fec,
AIPlayers,push-ref,0x83d040,0x67200c,
BridgeDestruction,push-ref,0x83d02c,0x67202b,
ShadowGrow,push-ref,0x83d020,0x67204b,
Shroud,push-ref,0x83d018,0x67206b,
Bases,push-ref,0x83d010,0x67208a,
Crates,push-ref,0x83cff8,0x6720ca,
CaptureTheFlag,push-ref,0x83cfe8,0x6720e9,
HarvesterTruce,push-ref,0x83cfd8,0x672109,
MultiEngineer,push-ref,0x83cfc8,0x672129,
AlliesAllowed,push-ref,0x8308ac,0x5d5cdf 0x672148,
ShortGame,push-ref,0x83cfa8,0x672188 0x697fb4 0x699005,
MCVRedeploys,push-ref,0x83cf68,0x672206,
AllyChangeAllowed,push-ref,0x83cfb4,0x672168,
Players,push-ref,0x83a0bc,0x668a11 0x67225b,
BuildConst,push-ref,0x83d4a0,0x672b23,
BuildPower,push-ref,0x83d494,0x672c15,
BuildRefinery,push-ref,0x83d484,0x672cfa,
BuildBarracks,push-ref,0x83d474,0x672ddf,
BuildTech,push-ref,0x83d468,0x672ec3,
BuildWeapons,push-ref,0x83d458,0x672f98,
BuildRadar,push-ref,0x83d3c0,0x67369b,
ConcreteWalls,push-ref,0x83d3b0,0x673770,
NSGates,push-ref,0x83d3a8,0x67383d,
EWGates,push-ref,0x83d3a0,0x673882,
BuildNavalYard,push-ref,0x83d390,0x6738b8,
BuildDummy,push-ref,0x83d384,0x6738ef,
NeutralTechBuildings,push-ref,0x83d36c,0x673926,
AlliedBaseDefenses,push-ref,0x83d444,0x67306d,
SovietBaseDefenses,push-ref,0x83d430,0x673141,
ThirdBaseDefenses,push-ref,0x83d41c,0x673216,
AIForcePredictionFudge,push-ref,0x83d404,0x6732ef,
GDIWallDefense,push-ref,0x83d198,0x673d9c,
GDIWallDefenseCoefficient,push-ref,0x83d17c,0x673dc2,
NodBaseDefenseCoefficient,push-ref,0x83d160,0x673de8,
GDIBaseDefenseCoefficient,push-ref,0x83d144,0x673e0e,
MaximumBaseDefenseValue,push-ref,0x83d12c,0x673e2e,
ComputerBaseDefenseResponse,push-ref,0x83d110,0x673e4e,
AttackInterval,push-ref,0x83d35c,0x673964,
AttackDelay,push-ref,0x83d350,0x67398b,
PatrolScan,push-ref,0x83d344,0x6739b2,
CreditReserve,push-ref,0x83d334,0x6739d2,
PathDelay,push-ref,0x83d328,0x6739f9,
BlockagePathDelay,push-ref,0x83d314,0x673a18,
AutocreateTime,push-ref,0x83d304,0x673a3e,
InfantryReserve,push-ref,0x83d2f4,0x673a5e,
InfantryBaseMult,push-ref,0x83d2e0,0x673a7e,
PowerSurplus,push-ref,0x83d2d0,0x673a9d,
BaseSizeAdd,push-ref,0x83d2c4,0x673abd,
RefineryRatio,push-ref,0x83d2b4,0x673ae4,
RefineryLimit,push-ref,0x83d2a4,0x673b04,
BarracksRatio,push-ref,0x83d294,0x673b2b,
BarracksLimit,push-ref,0x83d284,0x673b4c,
WarRatio,push-ref,0x83d278,0x673b70,
WarLimit,push-ref,0x83d26c,0x673b90,
DefenseRatio,push-ref,0x83d25c,0x673bb7,
DefenseLimit,push-ref,0x83d24c,0x673bd7,
AARatio,push-ref,0x83d244,0x673bfe,
AALimit,push-ref,0x83d23c,0x673c1f,
TeslaRatio,push-ref,0x83d230,0x673c43,
TeslaLimit,push-ref,0x83d224,0x673c63,
HelipadRatio,push-ref,0x83d214,0x673c8a,
HelipadLimit,push-ref,0x83d204,0x673caa,
AirstripRatio,push-ref,0x83d1f4,0x673cd1,
AirstripLimit,push-ref,0x83d1e4,0x673cf2,
CompEasyBonus,push-ref,0x83d1d4,0x673d10,
Paranoid,push-ref,0x83d1c8,0x673d30,
PowerEmergency,push-ref,0x83d1b8,0x673d57,
AIBaseSpacing,push-ref,0x83d1a8,0x673d78,
MaxIQLevels,push-ref,0x83d50c,0x67426f,
SuperWeapons,push-ref,0x83d4fc,0x67428f,
Production,push-ref,0x83d4f0,0x6742ae,
GuardArea,push-ref,0x81bebc,0x6742ce,
RepairSell,push-ref,0x83d4e4,0x6742ee,
AutoCrush,push-ref,0x83d4d8,0x67430d 0x714d32,
Scatter,push-ref,0x82c284,0x5b3881 0x67432d,
ContentScan,push-ref,0x83b3b4,0x66d38a 0x67434d,
Aircraft,push-ref,0x817460,0x67436c,
Harvester,push-ref,0x83d4cc,0x67438c 0x7476a6,
SellBack,push-ref,0x83d4c0,0x6743ac,
Suffix,push-ref,0x8254ac,0x51188a,
Prefix,push-ref,0x825494,0x51195e,
Color,push-ref,0x81b138,0x46bf9d 0x500de4 0x501304 0x511935 0x6982ee 0x699137 0x721b29 0x7788bc 0x778c5b 0x77a26a,
MultiplayPassive,push-ref,0x825444,0x511a7e,
Side,push-ref,0x817334,0x512096 0x69832b 0x699174 0x720547,
SmartAI,push-ref,0x825430,0x511ab6,
Multiplay,push-ref,0x825458,0x511a68,
LightGold,data-ref,0x820840,,0x4c3ea8
Gold,no-string,,,
LightGrey,data-ref,0x836ecc,,0x642b82 0x655fdc 0x656253 0x65839d 0x68830f 0x688362 0x6a56a2 0x6a9150 0x6a91fd
Grey,data-ref,0x822728,,0x52c659 0x54266d 0x5426e3 0x542745 0x542801 0x5428d0 0x55f304 0x55f35d 0x55f3c6 0x55f437 0x55f491 0x55f4ef 0x55f55e 0x55f5d0 0x55f629 0x65402d 0x654091 0x65419e 0x6583b8 0x6a5689 0x6a56bd 0x6a916b 0x6a9218
Red,push-ref,0x820538,0x68a871 0x68b62f,
DarkRed,data-ref,0x836ed8,,0x643471 0x6ac4b1
Orange,no-string,,,
Magenta,no-string,,,
Purple,no-string,,,
LightBlue,no-string,,,
DarkBlue,no-string,,,
NeonBlue,no-string,,,
DarkSky,no-string,,,
Green,push-ref,0x82053c,0x68a8ab 0x68b652,
DarkGreen,no-string,,,
NeonGreen,no-string,,,
Yellow,data-ref,0x820524,,0x4b9838 0x6408bf
Purple2,no-string,,,
Purple3,no-string,,,
AlliedLoad,data-ref,0x836ec0,,0x642b40 0x642b9b 0x643bc3
SovietLoad,data-ref,0x836eb4,,0x642b4a 0x642ba5 0x643bcf
None,push-ref,0x817f64,0x4775d7,
StrongRed,no-string,,,
StrongGreen,no-string,,,
StrongBlue,no-string,,,
HighRed,no-string,,,
HighGreen,no-string,,,
HighBlue,no-string,,,
BrightWhite,no-string,,,
LowWhite,no-string,,,
HighWhite,no-string,,,
MidWhite,no-string,,,
HighYellow,no-string,,,
TopYellow,no-string,,,
Groundspeed,push-ref,0x825488,0x5119a9 0x66d2ab,
Airspeed,push-ref,0x82547c,0x5119ca 0x66d2c2,
BuildTime,push-ref,0x825464,0x511a4e 0x66d366,
Armor,push-ref,0x81d9d4,0x5119eb 0x5f94bc 0x66d2d9,
ROF,push-ref,0x825478,0x511a0c 0x66d2f0 0x77230f,
Cost,push-ref,0x825470,0x511a2d 0x66d307 0x7146a6,
RepairDelay,push-ref,0x83b3ec,0x66d321,
BuildDelay,push-ref,0x83b3e0,0x66d33b,
DestroyWalls,push-ref,0x83b3c0,0x66d376,
BuildSlowdown,push-ref,0x83b3d0,0x66d34d,
Image,push-ref,0x819420,0x45f93a 0x46c1da 0x4f2cd1 0x4f3288 0x4f3916 0x5f9335 0x721c41,
Category,push-ref,0x844194,0x713164,
Primary,push-ref,0x8442f8,0x7129c0,
Secondary,push-ref,0x8442ec,0x7129ed,
Occupier,push-ref,0x8259a8,0x5244d5,
OccupyWeapon,push-ref,0x825a50,0x524117,
EliteOccupyWeapon,push-ref,0x825a3c,0x524156,
OpenTransportWeapon,push-ref,0x8437e0,0x714e5c,
Prerequisite,push-ref,0x843da8,0x7141ac,
CrushSound,push-ref,0x832bf4,0x5f93a0,
Strength,push-ref,0x832b78,0x5f94da 0x5fe7be,
Pip,push-ref,0x825a6c,0x5240db,
OccupyPip,push-ref,0x825a60,0x5240f5,
Sight,push-ref,0x843d88,0x71429a,
Owner,push-ref,0x843994,0x7149e8,
Soylent,push-ref,0x843b08,0x7146c0,
Points,push-ref,0x8439a8,0x7149ae 0x778cb9 0x77a2c8,
IsSelectableCombatant,push-ref,0x843414,0x715757,
VoiceSelect,push-ref,0x8442b4,0x712b36,
VoiceMove,push-ref,0x8442c0,0x712acc,
VoiceAttack,push-ref,0x84427c,0x712c74,
VoiceFeedback,push-ref,0x84424c,0x712db2,
VoiceSpecialAttack,push-ref,0x844268,0x712cde,
DieSound,push-ref,0x8440bc,0x7134f2,
Locomotor,push-ref,0x84444c,0x7123fa 0x75d88f,
PhysicalSize,push-ref,0x8443c8,0x7124fe,
MovementZone,push-ref,0x8431c8,0x716065,
ThreatPosed,push-ref,0x84399c,0x7149ce,
ImmuneToVeins,push-ref,0x8438cc,0x714c2a,
ImmuneToPsionics,push-ref,0x843754,0x714fa7,
Bombable,push-ref,0x832bcc,0x5f9420,
Deployer,push-ref,0x825928,0x52460d,
DeployFire,push-ref,0x843aa0,0x7147ef,
VeteranAbilities,push-ref,0x8434e4,0x7154a3,
EliteAbilities,push-ref,0x8434d4,0x7154e8,
Size,push-ref,0x820178,0x4aceac 0x4ad82d 0x5997e3 0x6418f3 0x641b2f 0x68746f 0x71251f 0x76835a,
Crushable,push-ref,0x832bd8,0x5f940a,
UndeploySound,push-ref,0x8440a0,0x71359e,
ElitePrimary,push-ref,0x8442dc,0x712a32,
EliteSecondary,push-ref,0x8442cc,0x712a5f,
IFVMode,push-ref,0x843ae4,0x714787,
NotHuman,push-ref,0x825a00,0x5243c6,
NavalTargeting,push-ref,0x844510,0x7121be,
LeadershipRating,push-ref,0x843d1c,0x714336,
ReselectIfLimboed,push-ref,0x843d74,0x7142b4,
RejoinTeamIfLimboed,push-ref,0x843d60,0x7142ce,
DefaultToGuardArea,push-ref,0x843784,0x714f44,
DetectDisguise,push-ref,0x843c78,0x71443f,
ForbiddenHouses,push-ref,0x843b94,0x71455d,
ImmuneToRadiation,push-ref,0x843854,0x714d53,
AllowedToStartInMultiplayer,push-ref,0x8438b0,0x714c4b,
Trainable,push-ref,0x843974,0x714a1c,
Natural,push-ref,0x8439dc,0x714946,
BombSight,push-ref,0x843d30,0x71431c,
VoiceEnter,push-ref,0x8441d0,0x7130a0,
VoiceCapture,push-ref,0x8441c0,0x7130e8,
SpecialThreatValue,push-ref,0x84342c,0x715734,
GuardRange,push-ref,0x8444a4,0x7122ab,
PreventAttackMove,push-ref,0x8439b0,0x714994,
DeployedCrushable,push-ref,0x825914,0x524627,
PixelSelectionBracketDelta,push-ref,0x843dc0,0x714166,
JumpJet,push-ref,0x843640,0x7151ec,
Fearless,push-ref,0x8259d4,0x524469,
CrashingSound,push-ref,0x84420c,0x712f80,
ConsideredAircraft,push-ref,0x843728,0x714fe9,
JumpjetSpeed,push-ref,0x8436c0,0x7150d0,
JumpjetClimb,push-ref,0x8436b0,0x7150f8,
JumpjetCrash,push-ref,0x8436a0,0x71511e,
JumpJetAccel,no-string,,,
JumpJetTurnRate,no-string,,,
JumpjetHeight,push-ref,0x843690,0x71513f,
JumpjetWobbles,push-ref,0x843670,0x71518b,
JumpjetDeviation,push-ref,0x843648,0x7151cb,
JumpjetNoWobbles,push-ref,0x84365c,0x7151ac,
SpeedType,push-ref,0x844504,0x7121d8 0x7476fa,
HoverAttack,push-ref,0x8443b0,0x71255a,
Crashable,push-ref,0x843634,0x71520d,
BalloonHover,push-ref,0x843838,0x714d95,
MoveSound,push-ref,0x8440c8,0x713478,
CanPassiveAquire,push-ref,0x843c50,0x714473,
CanRetaliate,push-ref,0x843c40,0x71448d,
Agent,no-ref,0x81b918,,
Infiltrate,push-ref,0x8259bc,0x5244a1,
CanDisguise,push-ref,0x843c98,0x71440b,
PermaDisguise,push-ref,0x843c88,0x714425,
StupidHunt,push-ref,0x8438a4,0x714c6c,
PrerequisiteOverride,push-ref,0x843d90,0x714229,
AlternateArcticArt,push-ref,0x832bac,0x5f9458,
C4,no-ref,0x6ea3c3,,
Assaulter,push-ref,0x82599c,0x5244ef,
TiberiumProof,push-ref,0x82595c,0x52458b,
CreateSound,push-ref,0x844228,0x712e84,
EnterWaterSound,push-ref,0x8259f0,0x524403,
LeaveWaterSound,push-ref,0x8259e0,0x524439,
UseOwnName,push-ref,0x825908,0x52463d,
BuildLimit,push-ref,0x8441a0,0x71314a,
SelfHealing,push-ref,0x843928,0x714ad9,
MoveToShroud,push-ref,0x8444c4,0x71225d,
Teleporter,push-ref,0x843e60,0x713fe9,
RequiresStolenAlliedTech,push-ref,0x843bc4,0x71450f,
RequiresStolenThirdTech,push-ref,0x843bfc,0x7144db,
RequiredHouses,push-ref,0x843bb4,0x714529,
Explodes,push-ref,0x83355c,0x5fe840 0x7122c5,
Insignificant,push-ref,0x832b60,0x5f950a,
Ivan,push-ref,0x8259b4,0x5244b7,
AttackCursorOnFriendlies,push-ref,0x843604,0x71524f,
VoiceSecondaryWeaponAttack,push-ref,0x844038,0x713706,
ImmuneToPsionicWeapons,push-ref,0x84373c,0x714fc8,
AirstrikeTeam,push-ref,0x843b84,0x714591,
EliteAirstrikeTeam,push-ref,0x843b70,0x71459f,
AirstrikeTeamType,push-ref,0x843b5c,0x7145cd,
EliteAirstrikeTeamType,push-ref,0x843b44,0x7145f8,
AirstrikeRechargeTime,push-ref,0x843b2c,0x714629,
EliteAirstrikeRechargeTime,push-ref,0x843b10,0x714637,
RequiresStolenSovietTech,push-ref,0x843be0,0x7144f7,
JumpJetTurn,push-ref,0x8258fc,0x52465b,
Slaved,push-ref,0x843830,0x714db6,
VoiceSelectEnslaved,push-ref,0x8442a0,0x712ba0,
Storage,push-ref,0x8441ac,0x713130,
HarvestRate,push-ref,0x82597c,0x524523,
PipScale,push-ref,0x843e04,0x71411a,
DontScore,push-ref,0x843ec0,0x713f4b,
Unnatural,push-ref,0x8439d0,0x714960,
CloseRange,push-ref,0x8439c4,0x71497a,
ImmuneToPoison,push-ref,0x843704,0x71504c,
TypeImmune,push-ref,0x8444ec,0x71220f,
SecretHouses,push-ref,0x843ba4,0x714543,
UndeployDelay,push-ref,0x8438f4,0x714ba8,
Fraidycat,push-ref,0x8259c8,0x524487,
Nominal,push-ref,0x843ecc,0x713f33,
AmbientSound,push-ref,0x832be4,0x5f93d0,
NoShadow,push-ref,0x8436e0,0x71508e,
Organic,push-ref,0x843714,0x71502b,
Turret,push-ref,0x844110,0x713398,
IsTilter,push-ref,0x845df0,0x747712,
CrateGoodie,push-ref,0x845e20,0x747658,
ROT,push-ref,0x81b164,0x46bf2e 0x714b1b,
Crewed,push-ref,0x84396c,0x714a36,
Weight,push-ref,0x8443d8,0x7124dd,
AccelerationFactor,push-ref,0x8443e0,0x7124bc,
ZFudgeColumn,push-ref,0x843518,0x715444,
ZFudgeTunnel,push-ref,0x843508,0x715465,
TooBigToFitUnderBridge,push-ref,0x845dc8,0x74774e,
Parasiteable,push-ref,0x843768,0x714f86,
OmniCrushResistant,push-ref,0x843868,0x714d11,
Crusher,push-ref,0x81bb58,0x714ccf,
Explosion,push-ref,0x81da00,0x71399a,
MaxDebris,push-ref,0x84439c,0x71258e 0x75da95,
DamageParticleSystems,push-ref,0x843f8c,0x713c2c,
Accelerates,push-ref,0x843534,0x715402,
OpportunityFire,push-ref,0x843a74,0x71483d,
BuildTimeMultiplier,push-ref,0x843cf0,0x714371,
DeployTime,push-ref,0x843904,0x714b85,
Passengers,push-ref,0x81bbd4,0x714b3c,
Gunner,push-ref,0x843964,0x714a50,
AirRangeBonus,push-ref,0x843ad4,0x7147a1,
HasTurretTooltips,push-ref,0x844354,0x712837,
TurretCount,push-ref,0x844348,0x712851,
WeaponCount,push-ref,0x84433c,0x71286b,
Weapon1,no-string,,,
EliteWeapon1,no-string,,,
Weapon2,no-string,,,
EliteWeapon2,no-string,,,
Weapon3,no-string,,,
EliteWeapon3,no-string,,,
Weapon4,no-string,,,
EliteWeapon4,no-string,,,
Weapon5,no-string,,,
EliteWeapon5,no-string,,,
Weapon6,no-string,,,
EliteWeapon6,no-string,,,
Weapon7,no-string,,,
EliteWeapon7,no-string,,,
Weapon8,no-string,,,
EliteWeapon8,no-string,,,
Weapon9,no-string,,,
EliteWeapon9,no-string,,,
Weapon10,no-string,,,
EliteWeapon10,no-string,,,
Weapon11,no-string,,,
EliteWeapon11,no-string,,,
Weapon12,no-string,,,
EliteWeapon12,no-string,,,
Weapon13,no-string,,,
EliteWeapon13,no-string,,,
Weapon14,no-string,,,
EliteWeapon14,no-string,,,
Weapon15,no-string,,,
EliteWeapon15,no-string,,,
Weapon16,no-string,,,
EliteWeapon16,no-string,,,
Weapon17,no-string,,,
EliteWeapon17,no-string,,,
NormalTurretIndex,push-ref,0x845c80,0x747bd9,
NormalTurretWeapon,push-ref,0x845c6c,0x747be8,
RepairTurretIndex,push-ref,0x845c58,0x747c02,
RepairTurretWeapon,push-ref,0x845c44,0x747c11,
MachineGunTurretIndex,push-ref,0x845c2c,0x747c2b,
MachineGunTurretWeapon,push-ref,0x845c14,0x747c3a,
FlakTurretIndex,push-ref,0x845c04,0x747c54,
FlakTurretWeapon,push-ref,0x845bf0,0x747c63,
PistolTurretIndex,push-ref,0x845bdc,0x747c7d,
PistolTurretWeapon,push-ref,0x845bc8,0x747c8c,
SniperTurretIndex,push-ref,0x845bb4,0x747ca6,
SniperTurretWeapon,push-ref,0x845ba0,0x747cb7,
ShockTurretIndex,push-ref,0x845b8c,0x747ccf,
ShockTurretWeapon,push-ref,0x845b78,0x747cde,
ExplodeTurretIndex,push-ref,0x845b64,0x747cf8,
ExplodeTurretWeapon,push-ref,0x845b50,0x747d07,
BrainBlastTurretIndex,push-ref,0x845b38,0x747d21,
BrainBlastTurretWeapon,push-ref,0x845b20,0x747d30,
RadCannonTurretIndex,push-ref,0x845b08,0x747d4a,
RadCannonTurretWeapon,push-ref,0x845af0,0x747d59,
ChronoTurretIndex,push-ref,0x845adc,0x747d73,
ChronoTurretWeapon,push-ref,0x845ac8,0x747d82,
TerroristExplodeTurretIndex,push-ref,0x845aac,0x747d9c,
TerroristExplodeTurretWeapon,push-ref,0x845a8c,0x747dab,
CowTurretIndex,push-ref,0x845a7c,0x747dc5,
CowTurretWeapon,push-ref,0x845a6c,0x747dd4,
InitiateTurretIndex,push-ref,0x845a58,0x747dee,
InitiateTurretWeapon,push-ref,0x845a40,0x747dfd,
VirusTurretIndex,push-ref,0x845a2c,0x747e17,
VirusTurretWeapon,push-ref,0x845a18,0x747e26,
YuriPrimeTurretIndex,push-ref,0x845a00,0x747e40,
YuriPrimeTurretWeapon,push-ref,0x8459e8,0x747e4f,
GuardianTurretIndex,push-ref,0x8459d4,0x747e69,
GuardianTurretWeapon,push-ref,0x8459bc,0x747e78,
EnterTransportSound,push-ref,0x8440e8,0x7133fc,
LeaveTransportSound,push-ref,0x8440d4,0x713432,
Maxdebris,no-string,,,
DebrisTypes,push-ref,0x844384,0x7125f1 0x75daf5,
DebrisMaximums,push-ref,0x844374,0x7126eb 0x75dcfc,
SizeLimit,push-ref,0x8443bc,0x712540,
DisguiseWhenStill,push-ref,0x843c64,0x714459,
CanApproachTarget,push-ref,0x843c2c,0x7144a7,
IsChargeTurret,push-ref,0x84432c,0x712885,
DamageSmokeOffset,push-ref,0x843f60,0x713e25,
OpenTopped,push-ref,0x843ccc,0x7143bd,
OmniCrusher,push-ref,0x84387c,0x714cf0,
DeploysInto,push-ref,0x844180,0x713279,
Bunkerable,push-ref,0x84371c,0x71500a,
Naval,push-ref,0x84395c,0x714a6a,
Spawns,push-ref,0x8184c8,0x4281de 0x64432a 0x714e9e 0x74b1ff,
SpawnsNumber,push-ref,0x8437b8,0x714ee1,
SpawnRegenRate,push-ref,0x8437c8,0x714ec0,
SpawnReloadRate,push-ref,0x8437a8,0x714f02,
NoSpawnAlt,push-ref,0x832bc0,0x5f943e,
FireAngle,push-ref,0x843910,0x714b5d,
ToProtect,push-ref,0x8438dc,0x714be8,
Sensors,push-ref,0x843e58,0x714003,
SensorsSight,push-ref,0x843d50,0x7142e8,
LandTargeting,push-ref,0x844520,0x7121a4,
Underwater,push-ref,0x843848,0x714d74,
Cloakable,push-ref,0x843ea8,0x713f7f,
CloakingSpeed,push-ref,0x84443c,0x712441,
WalkRate,push-ref,0x8444e0,0x712229,
IdleRate,push-ref,0x8444d4,0x712243,
RadialFireSegments,push-ref,0x843ac0,0x7147bb,
DistributedFire,push-ref,0x843a64,0x714857,
Dock,push-ref,0x84418c,0x713180,
VoiceHarvest,push-ref,0x844090,0x713652,
ThreatAvoidanceCoefficient,push-ref,0x844420,0x712460,
UnloadingClass,push-ref,0x843af8,0x7146e8,
ZFudgeBridge,push-ref,0x8434f8,0x715486,
ResourceGatherer,push-ref,0x843cb8,0x7143d7,
VoiceSelectDeactivated,push-ref,0x844288,0x712c0a,
PoweredUnit,push-ref,0x844158,0x713316,
SuppressionThreshold,push-ref,0x8436ec,0x71506d,
DeaccelerationFactor,push-ref,0x8443f4,0x71249b,
TargetLaser,push-ref,0x843898,0x714c8d,
MovementRestrictedTo,push-ref,0x845d64,0x747837,
IsGattling,push-ref,0x843e4c,0x71401d,
WeaponStages,push-ref,0x843e3c,0x714037,
Stage1,no-string,,,
Stage2,no-string,,,
Stage3,no-string,,,
EliteStage1,no-string,,,
EliteStage2,no-string,,,
EliteStage3,no-string,,,
RateUp,push-ref,0x843e34,0x714051,
RateDown,push-ref,0x843e28,0x71406b,
TurretSpins,push-ref,0x84412c,0x713360,
TiltCrashJumpjet,push-ref,0x844118,0x71337e,
DeathWeaponDamageModifier,push-ref,0x844488,0x712325,
BerserkFriendly,push-ref,0x8439f8,0x7148fa,
Unsellable,push-ref,0x81addc,0x46009e,
VoiceDeploy,push-ref,0x84400c,0x713784,
DeployFacing,push-ref,0x81a93c,0x460c76,
Enslaves,push-ref,0x843824,0x714dd7,
SlavesNumber,push-ref,0x843804,0x714e1a,
SlaveRegenRate,push-ref,0x843814,0x714df9,
SlaveReloadRate,push-ref,0x8437f4,0x714e3b,
ResourceDestination,push-ref,0x843ca4,0x7143f1,
CarriesCrate,push-ref,0x845de0,0x747728,
MoveStart,no-string,,,
RadarInvisible,push-ref,0x832b9c,0x5f946e,
Landable,push-ref,0x81804c,0x41cc54,
PitchSpeed,push-ref,0x844458,0x7123da,
VoiceCrashing,push-ref,0x8441ec,0x713034,
PitchAngle,push-ref,0x844470,0x71236b,
OmniFire,push-ref,0x84938c,0x7726fb,
Ammo,push-ref,0x81bbe0,0x71476d,
AirportBound,push-ref,0x81803c,0x41cc6e,
AuxSound1,push-ref,0x844240,0x712e18,
AuxSound2,push-ref,0x844234,0x712e48,
Fighter,push-ref,0x818034,0x41cc84,
Spawned,push-ref,0x8437d8,0x714e7d,
Carryall,push-ref,0x818028,0x41cca2,
IsSimpleDeployer,push-ref,0x845dfc,0x747688,
DeployingAnim,push-ref,0x819490,0x45f322 0x714715,
DeployToLand,push-ref,0x843a90,0x714809,
Selectable,push-ref,0x832b90,0x5f948c,
FlyBy,push-ref,0x817ff8,0x41cd5b,
MissileSpawn,push-ref,0x843798,0x714f23,
FlyBack,push-ref,0x817ff0,0x41cd75,
ConstructionYard,push-ref,0x81aa74,0x460a2b,
Adjacent,push-ref,0x81ae40,0x45ffb6,
Factory,push-ref,0x8173f0,0x460521,
UndeploysInto,push-ref,0x844170,0x7132b2,
Power,push-ref,0x81938c,0x461073 0x721b13,
Capturable,push-ref,0x81ae34,0x45ffce,
DebrisAnims,push-ref,0x844368,0x71274f,
MinDebris,push-ref,0x844390,0x7125a8 0x75daab,
AIBuildThis,push-ref,0x81a7fc,0x460fe9,
TogglePower,push-ref,0x81ab68,0x460727,
ProtectWithWall,push-ref,0x81ac80,0x460272,
EligibileForAllyBuilding,push-ref,0x81acc8,0x46020a,
BuildCat,push-ref,0x81aee4,0x45fe84,
AIBasePlanningSide,push-ref,0x843980,0x714a02,
Upgrades,push-ref,0x81954c,0x46472e,
Spyable,push-ref,0x81ae04,0x460036,
Drainable,push-ref,0x843cd8,0x7143a3,
PoweredSpecial,push-ref,0x81ae1c,0x460002,
ExitCoord,push-ref,0x81a808,0x460fb6,
GDIBarracks,push-ref,0x81aa00,0x460b15,
DockUnload,push-ref,0x81aa94,0x4609dd,
Refinery,push-ref,0x81aa5c,0x460a5b,
NumberOfDocks,push-ref,0x8194c4,0x464938,
Bib,push-ref,0x81ade8,0x460084,
FreeUnit,push-ref,0x81ac20,0x460540,
HalfDamageSmokeLocation1,push-ref,0x81ae84,0x45ff04,
RefinerySmokeOffsetOne,push-ref,0x843f20,0x713e93,
RefinerySmokeOffsetTwo,push-ref,0x843f08,0x713eba,
RefinerySmokeFrames,push-ref,0x81acf0,0x4601d6,
RefinerySmokeParticleSystem,push-ref,0x843fbc,0x713bcd,
NumberImpassableRows,push-ref,0x81ad6c,0x46013a,
WeaponsFactory,push-ref,0x81aa4c,0x460a79,
UnitReload,push-ref,0x81aae4,0x460923,
Helipad,push-ref,0x81ac48,0x4604d3,
HasStupidGuardMode,push-ref,0x81a884,0x460ea7,
Radar,push-ref,0x81ae60,0x45ff5a,
WaterBound,push-ref,0x81ae4c,0x45ff94 0x71df1c,
Powered,push-ref,0x81ae2c,0x45ffe8,
BaseNormal,push-ref,0x81ace4,0x4601f0,
UnitRepair,push-ref,0x81aaf0,0x46090d,
TargetCoordOffset,push-ref,0x81a814,0x460f70,
SuperWeapon,push-ref,0x817204,0x460bb8,
OrePurifier,push-ref,0x81ac3c,0x4604ed,
PowersUnit,push-ref,0x844164,0x7132df,
Wall,push-ref,0x81ac58,0x46049f 0x5fe7d4 0x75d4fb,
Repairable,push-ref,0x843950,0x714a84,
DebrisAnim,no-string,,,
IsBaseDefense,push-ref,0x81a7ec,0x461003 0x6f13b2 0x6f17af,
AntiInfantryValue,push-ref,0x81aed0,0x45fe9e,
AntiArmorValue,push-ref,0x81aec0,0x45feb8,
AntiAirValue,push-ref,0x81aeb0,0x45fed2,
TurretAnim,push-ref,0x819688,0x46445f,
TurretAnimIsVoxel,push-ref,0x81960c,0x46463f,
TurretAnimZAdjust,push-ref,0x819630,0x46460b,
WorkingSound,push-ref,0x81ab0c,0x46088e,
NotWorkingSound,push-ref,0x81aafc,0x4608dc,
VHPScan,push-ref,0x8443a8,0x712574,
Overpowerable,push-ref,0x81ae0c,0x46001c,
SpySat,push-ref,0x81ae58,0x45ff72,
GapGenerator,push-ref,0x843e98,0x713f99,
GapRadiusInCells,push-ref,0x843e84,0x713fb6,
SuperGapRadiusInCells,push-ref,0x843e6c,0x713fd1,
HasRadialIndicator,push-ref,0x832b4c,0x5f9528,
ExtraPower,push-ref,0x81a7b0,0x4610b3,
RevealToAll,push-ref,0x843ce4,0x71438b,
ChargedAnimTime,push-ref,0x81a9b8,0x460b9e,
TurretAnimX,push-ref,0x819650,0x4645d7,
TurretAnimY,push-ref,0x819644,0x4645f1,
TurretRecoil,push-ref,0x8435f4,0x715270,
TurretTravel,push-ref,0x8435e4,0x715298,
BarrelTravel,push-ref,0x843594,0x71533b,
BarrelCompressFrames,push-ref,0x84357c,0x71536a,
BarrelHoldFrames,push-ref,0x843568,0x715392,
BarrelRecoverFrames,push-ref,0x843554,0x7153ba,
TurretRotateSound,push-ref,0x8440fc,0x7133ba,
NODBarracks,push-ref,0x81a9f4,0x460b2f,
NaturalSmokeLocation,no-string,,,
IsImmuneToRadiation,no-string,,,
FactoryPlant,push-ref,0x81ac2c,0x460507,
InfantryCostBonus,push-ref,0x81abc0,0x460691,
UnitsCostBonus,push-ref,0x81abb0,0x4606b0,
AircraftCostBonus,push-ref,0x81ab9c,0x4606cf,
BuildingsCostBonus,push-ref,0x81ab88,0x4606ee,
DefensesCostBonus,push-ref,0x81ab74,0x46070d,
ClickRepairable,push-ref,0x81adcc,0x4600b8,
CanBeOccupied,push-ref,0x81adbc,0x4600d2,
MaxNumberOccupants,push-ref,0x81ad84,0x460120,
CanOccupyFire,push-ref,0x81adac,0x4600ec,
NukeSilo,push-ref,0x81aa68,0x460a45,
DamageSelf,push-ref,0x843eb4,0x713f65,
UnitAbsorb,push-ref,0x81aabc,0x46098f,
InfantryAbsorb,push-ref,0x81aaac,0x4609a9,
YuriBarracks,push-ref,0x81a9e4,0x460b45,
LeaveRubble,push-ref,0x81a854,0x460ef5,
RefinerySmokeOffsetThree,push-ref,0x843eec,0x713ee5,
RefinerySmokeOffsetFour,push-ref,0x843ed4,0x713f08,
PsychicDetectionRadius,push-ref,0x81a960,0x460c39,
ConcentricRadialIndicator,push-ref,0x81a7bc,0x461037,
DetectDisguiseRange,push-ref,0x843d3c,0x714302,
SensorArray,push-ref,0x81a98c,0x460c00,
Grinding,push-ref,0x81aac8,0x460971,
Cloning,push-ref,0x81aad4,0x46095b,
PipsDrawForAll,push-ref,0x843df4,0x714132,
Bunker,push-ref,0x81aadc,0x460941,
IsBase,no-string,,,
NeedsEngineer,push-ref,0x81aca0,0x46023e,
CaptureEvaEvent,push-ref,0x81ac90,0x460258,
RadarVisible,push-ref,0x843934,0x714ab8,
ProduceCashStartup,push-ref,0x81ad58,0x460154,
ProduceCashAmount,push-ref,0x81ad44,0x46016e,
ProduceCashDelay,push-ref,0x81ad30,0x460188,
UnitsGainSelfHeal,push-ref,0x81ad04,0x4601bc,
InfantryGainSelfHeal,push-ref,0x81ad18,0x4601a2,
SecretLab,push-ref,0x81aaa0,0x4609bf,
DestroyAnim,push-ref,0x843ff0,0x713a97,
CrateBeneath,push-ref,0x81a874,0x460ec1,
CrateBeneathIsMoney,push-ref,0x81a860,0x460edb,
EligibleForDelayKill,push-ref,0x81acb0,0x460224,
CanC4,push-ref,0x81adfc,0x460050,
DamageSound,push-ref,0x84421c,0x712ecc,
Height,push-ref,0x81a7a8,0x4610e5 0x597842 0x597b2f 0x689ddb 0x689f11 0x68af36 0x6b5751,
Immune,push-ref,0x832b70,0x5f94f4,
LegalTarget,push-ref,0x832b84,0x5f94a6,
BridgeRepairHut,push-ref,0x81a898,0x460e8d,
ToTile,push-ref,0x81aef0,0x4654fb 0x465ce7,
Gate,push-ref,0x81aa8c,0x4609f7,
GateCloseDelay,push-ref,0x81a8dc,0x460dd8,
AlphaImage,push-ref,0x832c00,0x5f937e,
LightVisibility,push-ref,0x81a92c,0x460c93,
LightIntensity,push-ref,0x81a91c,0x460ccd,
LightRedTint,push-ref,0x81a90c,0x460d16,
LightGreenTint,push-ref,0x81a8fc,0x460d5f,
LightBlueTint,push-ref,0x81a8ec,0x460da6,
InvisibleInGame,push-ref,0x81a8cc,0x460df2,
PlaceAnywhere,push-ref,0x81a844,0x460f0f,
Projectile,push-ref,0x849268,0x77298a,
Warhead,push-ref,0x8183b4,0x42867a 0x645043 0x74b421 0x772957,
Damage,push-ref,0x81859c,0x427fa7 0x645021 0x74b3df 0x7722db,
Anim,push-ref,0x817448,0x4f3956 0x772471,
Range,push-ref,0x842690,0x6cebee 0x7507fc 0x75127b 0x772329,
Suicide,push-ref,0x843050,0x6f1271 0x6f16dd 0x77228d,
FireInTransport,push-ref,0x849460,0x772259,
Report,push-ref,0x818410,0x42839a 0x772372,
Burst,push-ref,0x849438,0x7722c1,
CellRangefinding,push-ref,0x849508,0x77213b,
Bright,push-ref,0x847dd0,0x75d5ff 0x772806,
MinimumRange,push-ref,0x849428,0x772343,
DecloakToFire,push-ref,0x84951c,0x772121,
Spawner,push-ref,0x849538,0x7720ed,
AmbientDamage,push-ref,0x849548,0x7720bb,
IsRailgun,push-ref,0x849368,0x77272f,
AttachedParticleSystem,push-ref,0x849274,0x772913,
UseFireParticles,push-ref,0x8493ac,0x7726c3,
SabotageCursor,push-ref,0x8494c4,0x7721bd,
OccupantAnim,push-ref,0x849400,0x7725a1,
OpenToppedAnim,push-ref,0x8493f0,0x7725e6,
AssaultAnim,push-ref,0x849410,0x772574,
RevealOnFire,push-ref,0x8494e0,0x772189,
MigAttackCursor,push-ref,0x8494b4,0x7721d7,
IsLine,push-ref,0x8493d8,0x77265f,
IsHouseColor,push-ref,0x8493c8,0x772675,
Floater,push-ref,0x81b128,0x46bfd1,
Lobber,push-ref,0x849360,0x772749,
AreaFire,push-ref,0x8492f4,0x77283e,
LimboLaunch,push-ref,0x84952c,0x772107,
PenetratesBunker,push-ref,0x847e08,0x75d52f,
NeverUse,push-ref,0x8494f0,0x77216f,
IsSonic,push-ref,0x849540,0x7720d3,
UseSparkParticles,push-ref,0x849398,0x7726e1,
IsRadBeam,push-ref,0x8492b4,0x7728a2,
FireOnce,push-ref,0x8494fc,0x772155,
IsRadEruption,push-ref,0x8492a4,0x7728c0,
RadLevel,push-ref,0x849298,0x7728da,
LaserOuterSpread,push-ref,0x84932c,0x7727b5,
LaserDuration,push-ref,0x84931c,0x7727d5,
IsLaser,push-ref,0x8493e0,0x772627,
IsElectricBolt,push-ref,0x8492e4,0x772854,
IsAlternateColor,push-ref,0x8492c0,0x77288c,
LaserInnerColor,push-ref,0x849350,0x772761,
LaserOuterColor,push-ref,0x849340,0x77278f,
IsBigLaser,push-ref,0x849310,0x7727f0,
Charges,push-ref,0x8493c0,0x772693,
InfiniteMindControl,push-ref,0x84948c,0x77220b,
TerrainFire,push-ref,0x8494d4,0x7721a3,
DisguiseFireOnly,push-ref,0x8494a0,0x7721f1,
DisguiseFakeBlinkTime,push-ref,0x849448,0x772273,
DiskLaser,push-ref,0x817138,0x772645,
DrainWeapon,push-ref,0x849470,0x77223f,
FireWhileMoving,push-ref,0x84947c,0x772225,
IsMagBeam,push-ref,0x84928c,0x7728f0,
Spread,push-ref,0x844924,0x721a83,
Inviso,push-ref,0x81b0cc,0x46c0a1,
AA,no-ref,0x67cfcb,,
AG,no-ref,0x8129a5,,
Vertical,push-ref,0x81b00c,0x46c351,
SubjectToCliffs,push-ref,0x81b118,0x46bfeb,
SubjectToElevation,push-ref,0x81b104,0x46c005,
SubjectToWalls,push-ref,0x81b0f4,0x46c01f,
Arm,push-ref,0x81b168,0x46bf14,
Arcing,push-ref,0x81b130,0x46bfb7,
VeryHigh,push-ref,0x81b0e8,0x46c039,
Cluster,push-ref,0x81b070,0x46c1a1,
Proximity,push-ref,0x81b0c0,0x46c0b7,
Ranged,push-ref,0x81b0b8,0x46c0d5,
IgnoresFirestorm,push-ref,0x832b2c,0x5f9564,
Dropping,push-ref,0x81b0dc,0x46c069,
Airburst,push-ref,0x81b078,0x46c18b,
AirburstWeapon,push-ref,0x81b04c,0x46c2b1,
Shadow,push-ref,0x818660,0x427d33 0x46c053,
FirersPalette,push-ref,0x81affc,0x46c367,
DetonationAltitude,push-ref,0x81b018,0x46c337,
Level,push-ref,0x81b0d4,0x46c087 0x4acf11 0x599812 0x599940 0x68a959 0x68b6bb,
ShrapnelWeapon,push-ref,0x81b03c,0x46c2ec,
ShrapnelCount,push-ref,0x81b02c,0x46c319,
AN,no-string,,,
High,no-string,,,
CourseLockDuration,push-ref,0x81b150,0x46bf48,
Scalable,push-ref,0x81b064,0x46c1bf,
Bouncy,push-ref,0x81b084,0x46c171,
Inaccurate,push-ref,0x81b0ac,0x46c0ef,
FlakScatter,push-ref,0x81b0a0,0x46c105,
HoldsWhat,push-ref,0x8370b0,0x644307,
BehavesLike,push-ref,0x837044,0x64440e 0x6453c3,
SpiralRadius,push-ref,0x836ffc,0x6444ea,
ParticlesPerCoord,push-ref,0x837020,0x6444a2,
SpiralDeltaPerCoord,push-ref,0x83700c,0x6444c9,
MovementPerturbationCoefficient,push-ref,0x836fbc,0x64452c,
PositionPerturbationCoefficient,push-ref,0x836fdc,0x64450b,
VelocityPerturbationCoefficient,push-ref,0x836f9c,0x64454d,
Laser,push-ref,0x836f94,0x644569,
LaserColor,push-ref,0x836f88,0x644581,
ParticleCap,push-ref,0x837098,0x64435e,
SparkSpawnFrames,push-ref,0x836f74,0x6445a7,
LightSize,push-ref,0x836f68,0x6445c3,
OneFrameLight,push-ref,0x836f58,0x6445e1,
SpawnSparkPercentage,push-ref,0x836f40,0x6445fc,
SpawnFrames,push-ref,0x8370a4,0x644340,
SpawnRadius,push-ref,0x83708c,0x644378,
Slowdown,push-ref,0x837080,0x644399,
SpawnCutoff,push-ref,0x837074,0x6443b8,
SpawnTranslucencyCutoff,push-ref,0x83705c,0x6443d7,
Lifetime,push-ref,0x837050,0x6443f1,
Deacc,push-ref,0x8371f4,0x645102,
Velocity,push-ref,0x8371fc,0x6450e3,
MaxEC,push-ref,0x837230,0x645003,
MaxDC,push-ref,0x837238,0x644fed,
StartStateAI,push-ref,0x8371bc,0x64516c,
EndStateAI,push-ref,0x8371cc,0x645149,
StateAIAdvance,push-ref,0x8371ac,0x64517f,
Translucent50State,push-ref,0x837198,0x6451a3,
Translucent25State,push-ref,0x837184,0x6451bf,
DeleteOnStateLimit,push-ref,0x8371d8,0x645134,
Normalized,push-ref,0x818610,0x427e6f 0x6451d7 0x7158e9 0x74b085,
FinalDamageState,push-ref,0x837100,0x6452eb,
XVelocity,push-ref,0x83716c,0x645212,
YVelocity,push-ref,0x837160,0x645228,
MinZVelocity,push-ref,0x837150,0x645246,
ZVelocityRange,push-ref,0x837140,0x645260,
ColorList,push-ref,0x837240,0x644f93,
StartColor1,push-ref,0x837120,0x6452a8,
StartColor2,push-ref,0x837114,0x6452ce,
ColorSpeed,push-ref,0x837178,0x6451f8,
StartFrame,push-ref,0x837224,0x645070,
Translucency,push-ref,0x818524,0x4280f3 0x6450a8,
WindEffect,push-ref,0x837208,0x6450be,
NextParticle,push-ref,0x8370f0,0x645307,
NextParticleOffset,push-ref,0x83712c,0x645278,
EMEffect,push-ref,0x847d60,0x75d7b9,
CellSpread,push-ref,0x847ea0,0x75d3e0,
PercentAtMax,push-ref,0x847e84,0x75d41e,
Wood,push-ref,0x847e00,0x75d549,
Verses,push-ref,0x847c38,0x75ddde,
InfDeath,push-ref,0x847d88,0x75d766,
Rocker,push-ref,0x847de8,0x75d5b1,
ProneDamage,push-ref,0x847ce8,0x75d991,
Sonic,push-ref,0x847df0,0x75d597,
Tiberium,push-ref,0x817278,0x597932 0x597c34 0x5fe7f2 0x75d563,
Sparky,push-ref,0x847df8,0x75d57d,
AnimList,push-ref,0x847d94,0x75d66f,
Fire,push-ref,0x836f04,0x75d5e5,
Bullets,push-ref,0x847cc0,0x75d9f9,
Conventional,push-ref,0x847e34,0x75d4e1,
Deform,push-ref,0x847d80,0x75d785,
DeformThreshhold,push-ref,0x847d6c,0x75d7a1,
CombatLightSize,push-ref,0x847e44,0x75d490,
Particle,push-ref,0x817384,0x75d4b6,
Poison,push-ref,0x847d58,0x75d7ed,
Psychedelic,push-ref,0x847d30,0x75d8ea,
MindControl,push-ref,0x81bbc8,0x75d7cf,
Parasite,push-ref,0x81717c,0x75d83b,
Culling,push-ref,0x847d10,0x75d938,
Paralyzes,push-ref,0x847d18,0x75d922,
PsychicDamage,push-ref,0x847cd8,0x75d9c1,
AffectsAllies,push-ref,0x847cc8,0x75d9df,
IvanBomb,push-ref,0x81bd60,0x75d807,
CausesDelayKill,push-ref,0x847e74,0x75d438,
DelayKillFrames,push-ref,0x847e64,0x75d450,
DelayKillAtMax,push-ref,0x847e54,0x75d471,
WallAbsoluteDestroyer,push-ref,0x847e1c,0x75d515,
NukeMaker,push-ref,0x847cf4,0x75d970,
Temporal,push-ref,0x817168,0x75d855,
IsLocomotor,push-ref,0x847d3c,0x75d86b,
Airstrike,push-ref,0x817154,0x75d8ce,
Radiation,push-ref,0x839e80,0x75d9ab,
CellInset,push-ref,0x847e94,0x75d3ff,
ElectricAssault,push-ref,0x847d48,0x75d81d,
BombDisarm,push-ref,0x847d24,0x75d908,
ShakeXlo,push-ref,0x847ca8,0x75da2d,
ShakeXhi,push-ref,0x847c9c,0x75da47,
ShakeYlo,push-ref,0x847c90,0x75da5d,
ShakeYhi,push-ref,0x847c84,0x75da7b,
Veinhole,push-ref,0x847cb4,0x75da0f,
MakesDisguise,push-ref,0x847d00,0x75d956,
CLDisableBlue,push-ref,0x847da0,0x75d64d,
CLDisableGreen,push-ref,0x847db0,0x75d633,
IsFlammable,push-ref,0x844668,0x71df4a,
RadarColor,push-ref,0x833528,0x5fe93e 0x71e003,
TemperateOccupationBits,push-ref,0x84461c,0x71e07a,
SnowOccupationBits,push-ref,0x844608,0x71e092,
SpawnsTiberium,push-ref,0x844674,0x71df34,
IsAnimated,push-ref,0x84465c,0x71e022,
AnimationRate,push-ref,0x84464c,0x71e03b,
AnimationProbability,push-ref,0x844634,0x71e060,
IsVeinhole,push-ref,0x844684,0x71deee,
ChainReaction,push-ref,0x8334f0,0x5fe9ae,
Land,push-ref,0x833580,0x5fe7a4,
IsVeinholeMonster,push-ref,0x833500,0x5fe97a,
IsVeins,push-ref,0x8184a8,0x428248 0x5fe990,
NoUseTileLandType,push-ref,0x833514,0x5fe95f,
DrawFlat,push-ref,0x8334e4,0x5fe9c8,
IsRubble,push-ref,0x8334d0,0x5fe9fc,
IsARock,push-ref,0x8334dc,0x5fe9de,
Overrides,push-ref,0x833550,0x5fe85a,
Crate,push-ref,0x833578,0x5fe80c,
CrateTrigger,push-ref,0x833568,0x5fe822,
Crater,push-ref,0x8185f4,0x427ebd 0x6b5703,
Width,push-ref,0x82bbe4,0x59782a 0x597b19 0x689db9 0x689ef3 0x68af1c 0x6b5733,
Burn,push-ref,0x840028,0x6b571d,
Foot,push-ref,0x81dbd4,0x674075 0x674098,
Track,push-ref,0x81dbcc,0x6740b9 0x6740dc,
Wheel,push-ref,0x81dbc4,0x6740fc 0x67411f,
Float,push-ref,0x81dbac,0x674140 0x67416a,
Hover,push-ref,0x81dbbc,0x674031 0x674054,
Amphibious,push-ref,0x81bb18,0x67418b 0x6741ae,
FloatBeach,push-ref,0x81dba0,0x6741cf 0x6741f2,
Buildable,push-ref,0x83d4b4,0x67420e,
Firepower,push-ref,0x81d9c0,0x511988,
HealBase,no-ref,0x81da14,,
Reveal,no-ref,0x81d9dc,,
Veteran,no-ref,0x81d9a0,,
Unit,no-ref,0x81746c,,
Invulnerability,no-ref,0x81d9a8,,
IonStorm,no-ref,0x81d994,,
Gas,no-ref,0x81d990,,
Pod,no-ref,0x81d98c,,
Cloak,no-ref,0x81da0c,,
Darkness,no-ref,0x81d9e4,,
ICBM,no-ref,0x81d9b8,,
Napalm,no-ref,0x81d9f8,,
Squad,no-ref,0x81d9f0,,
Value,push-ref,0x8448ec,0x721afb,
Growth,push-ref,0x844908,0x721ac0,
GrowthPercentage,push-ref,0x8448f4,0x721ad9,
SpreadPercentage,push-ref,0x844910,0x721a9e,
Debris,push-ref,0x8448e4,0x721b4f,
Recruitable,push-ref,0x82c2a4,0x5b3804,
Zombie,push-ref,0x82c2b0,0x5b37dd,
Retaliate,push-ref,0x82c28c,0x5b3856,
Rate,push-ref,0x8185a4,0x427f68 0x4f2e8c 0x5b38ac,
NoThreat,push-ref,0x82c2b8,0x5b37b2,
Paralyzed,push-ref,0x82c298,0x5b382f,
AARate,push-ref,0x82c27c,0x5b38d5,
Elasticity,push-ref,0x8184f4,0x428160 0x46bf69 0x74b0ee,
MinAngularVelocity,push-ref,0x845f14,0x74b10e,
MaxAngularVelocity,push-ref,0x845f00,0x74b13f,
MinZVel,push-ref,0x8184e0,0x4281a2 0x74b18b,
MaxZVel,push-ref,0x845eec,0x74b1b2,
MaxXYVel,push-ref,0x8184e8,0x428181 0x74b1d3,
Duration,push-ref,0x845ef4,0x74b172,
ExpireAnim,push-ref,0x8183ec,0x4284c4 0x74b36f,
DamageRadius,push-ref,0x8183bc,0x428658 0x74b3f9,
ShareTurretData,push-ref,0x845ecc,0x74b255,
ShareSource,push-ref,0x845e94,0x74b4b9,
IsTiberium,push-ref,0x818518,0x42810b 0x74b0b5,
IsMeteor,push-ref,0x8184b0,0x42822e 0x74b0d3,
SpawnCount,push-ref,0x8184bc,0x428210 0x74b231,
IsPowered,push-ref,0x84270c,0x6ceaa9,
RechargeVoice,no-string,,,
ChargingVoice,no-string,,,
ImpatientVoice,no-string,,,
SuspendVoice,no-string,,,
RechargeTime,push-ref,0x842634,0x6ced60,
Type,push-ref,0x824314,0x4f38dd 0x68d30d 0x68ff6b 0x698a65 0x6cec25 0x75072c 0x751208 0x752e10,
SidebarImage,push-ref,0x842624,0x6ceda9,
Action,push-ref,0x817270,0x68a078 0x68b32f 0x6cea93,
WeaponType,push-ref,0x81725c,0x6cea65,
ShowTimer,push-ref,0x8426a8,0x6ceb45,
DisableableFromShell,push-ref,0x8426f4,0x6ceac7,
AIDefendAgainst,push-ref,0x8426cc,0x6ceaf7,
LineMultiplier,push-ref,0x842680,0x6cec08,
SpecialSound,push-ref,0x842698,0x6ceb74,
StartSound,push-ref,0x818418,0x428359 0x6cebb0 0x74b2ac,
FlashSidebarTabFrames,push-ref,0x8426dc,0x6ceae1,
PreClick,push-ref,0x8426c0,0x6ceb15,
PostClick,push-ref,0x8426b4,0x6ceb2f,
PreDependent,push-ref,0x842670,0x6cec90,
